KLNCIT/ECE/01,Linear Integrated Circuits,Bakshi,Technical
KLNCIT/ECE/02,Signals and Systems,S.Badmavathy Girivasan,Anuradha
KLNCIT/ECE/03,Basic Electrical; Electronics; Computer Communication Engineering,Chandragupta,Anuradha
KLNCIT/ECE/04,Electronics Devices and Circuits,K.S.Srinivasan,Anuradha
KLNCIT/ECE/05,Linear Integrated Circuits (P.K),Bakshi,Technical
KLNCIT/ECE/06,Digital DSD,A.P.Godse,
KLNCIT/ECE/07,Signals and Systems,J.S.Chitode,Technical
KLNCIT/ECE/08,Principles and Communications (G.K),K.S.Srinivasan,Selva
KLNCIT/ECE/09,B.E/E&I/III semester-2Marks,,Pratheeba
KLNCIT/ECE/10,Electronic Devices,K.Srinivasan,Anuradha
KLNCIT/ECE/11,B.E/ECE/3rd; EC-II-2Marks,,Anuradha
KLNCIT/ECE/12,Linear Integrated Circuits,T.Mahadevan,Assan
KLNCIT/ECE/13,Professional ethics,S.Rajavelu,
KLNCIT/ECE/14,Measurement & Instrumentation,U.A.Bakshi,
KLNCIT/ECE/15,Communication Theory,K.S.Srinivasan,
KLNCIT/ECE/16,8085; 8086 ‘P and 8051‘C,R.Latha; S.Sakthivel,
KLNCIT/ECE/17,Digital System Design,Godse,Technical
KLNCIT/ECE/18,Communication and Engineering (J.Manoj Ex.Final Year),T.Mahadevan,Assan
KLNCIT/ECE/19,Electronic Engineering (R.Amutha),T.Mahadevan,Assan
KLNCIT/ECE/20,Tele Communication Switching Technique,T.Mahadevan,Assan
KLNCIT/ECE/21,Electronic Circuits-II,T.Mahaedvan,Assan
KLNCIT/ECE/22,Electronic Devices and Circuits,T.Mahadevan,Assan
KLNCIT/ECE/23,Digital Electronics,T.Mahadevan,Assan
KLNCIT/ECE/24,Electronics Devices(ECE; EEE),T.Mahadevan,Anuradha
KLNCIT/ECE/25,Digital Electronics,Godse,Technical Publication
KLNCIT/ECE/26,Electronic Circuits-II,Godse & Bakshi,Technical
KLNCIT/ECE/27,Micro Processor & Micro Controller Applience,R.Mahadevan,Assan
KLNCIT/ECE/28,P/C Applience (IV Sem),G.Lavanya Daniel,
KLNCIT/ECE/29,Professional ethics,,
KLNCIT/ECE/30,Signals and System,K.Murugesan,Anuradha
KLNCIT/ECE/31,Measurement and Instrumentation,U.A.Bakshi; A.V.bakshi,Technical
KLNCIT/ECE/32,B.E. ECE/3rd Sem 2Marks; N/W Analysis & S,U.A.Bakshi; A.V.bakshi,Technical
KLNCIT/ECE/33,Electronic Circuits-II,M.Jasmine,Hi Tech
KLNCIT/ECE/34,Electronic Circuits-II,K.S.Srinivasan,Anuradha
KLNCIT/ECE/35,Digital Electronics,Prof.Yoga Narasiman,Siva
KLNCIT/ECE/36,Electron Devices & Circuits,K.S.Srinivasan,Anuradha
KLNCIT/ECE/37,Electronic Devices & Circuits,Godse & bakshi,Technical
KLNCIT/ECE/38,Electronics Engineering,K.S.Srinivasan,Anuradha
KLNCIT/ECE/39,Digital Technology,S.Ramalatha,L.P
KLNCIT/ECE/40,Control Systems,R.Sasikala,Anuradha
KLNCIT/ECE/41,Electronic Devices & Circuits,G.Nagarajan,Lakshmi
KLNCIT/ECE/42,Digital Communication,S.K.Venkatram,S.Chand
KLNCIT/ECE/43,~,,
KLNCIT/ECE/44,Information Theory and Coding,L.Ganesan,
KLNCIT/ECE/45,Principles of Communication Engineering,Anokh Singh,S.Chand
KLNCIT/ECE/46,Network Analysis & Systhesis,U.A.Bakshi,Technical
KLNCIT/ECE/47,Signals and Systems,J.S Chitode,Technical
KLNCIT/ECE/48,Signals and Systems,S.P.Eugene; Xavier,S.Chand
KLNCIT/ECE/49,Applied Electronics,R.Sedha,S.Chand
KLNCIT/ECE/50,Digital Communication,Venkata Rao; S.P. Eugene; Xavier,S.Chand
KLNCIT/ECE/51,Digital Signal Processing,BarunRoy Chaudri,S.Chand
KLNCIT/ECE/52,Digital Computer Electronics,BarunRoy Chaudri,S.Chand
KLNCIT/ECE/53,Microprocessor and Its Application,P.S.Manoharan,Charulatha
KLNCIT/ECE/54,P & Appln.,A.P.Godse; D.A.Godse,Technical
KLNCIT/ECE/55,Principles of Electronic Devices & Circuits,B.L.Theraja; R.S.Sedha,S.Chand
KLNCIT/ECE/56,Network Theory Synthesis,B.Sowmiya,Meenakshi Agency
KLNCIT/ECE/57,Engineering Electromagnetics,Dr.Dananjayan,Lakshmi
KLNCIT/ECE/58,Communication Theory,K.S.Srinivasan,Anuradha
KLNCIT/ECE/59,Engineering Economics and Financial Auditing,R.Cauvery & Sudha Nayak,S.Chand
KLNCIT/ECE/60,Lab Manual,,
KLNCIT/ECE/61,Lab Manual,,
KLNCIT/ECE/62,Lab Manual,,
KLNCIT/ECE/63,Lab Manual,,
KLNCIT/ECE/64,Transmission Lines & Network,Uday.A.Bakshi; Ajay.A.Bakshi,Technical
KLNCIT/ECE/65,Electromagnetic Fields,R.Meenakumari,New Age
KLNCIT/ECE/66,TSN-Principles of Communication Engineering,Gnanasivam,New Age
KLNCIT/ECE/67,Computer Architecture(V sem ECE),A.P.Godse; D.A.Godse,Technical
KLNCIT/ECE/68,Communication Theory & Systems,T.Abirami; S.K.Eluyaraja,Charulatha
KLNCIT/ECE/69,Digital Signal Processing,K.Senthil Kumar,Charulatha
KLNCIT/ECE/70,Display Systems Engineering,R.Perumalraja,R.K.Publishers
KLNCIT/ECE/71,Measurements and Instrumentation,M.Janaki Rani,Anuradha
KLNCIT/ECE/72,Communication Engineering,S.Sakthivel Murugan,RBA
KLNCIT/ECE/73,Lab manual,,
KLNCIT/ECE/74,Electronics Circuits(2marks-II Sem),D.W.Series,Pratheeba
KLNCIT/ECE/75,Digital Systems Engineering,Ilayaraja,
KLNCIT/ECE/76,Digital Signal Processing,Ramesh babu,
KLNCIT/ECE/77,Total Quality Management,S.Bhaskar,Anuradha
KLNCIT/ECE/78,Wavelet Transform,Raghuveer M Rao,
KLNCIT/ECE/79,Commnication Engineering(EC-II),M.Jasmine,Pratheeba
KLNCIT/ECE/80,Analog Digital & Data Communication,J.S.Chitode,
KLNCIT/ECE/81,EC-I,K.S.Srinivasan,Anuradha
KLNCIT/ECE/82,EC-I,K.S.Srinivasan,Anuradha
KLNCIT/ECE/83,DE,R.S.Sedha,~
KLNCIT/ECE/84,Microprocessors,A.K.Gowtham,~
KLNCIT/ECE/85,Control System,Eugene Xavier,~
KLNCIT/ECE/86,Digital Communication,J.S.Chitode,~
KLNCIT/ECE/87,Microprocessors & Applications,A.P.Godse,~
KLNCIT/ECE/88,Digital Signal Processing,J.S.Chitode,~
KLNCIT/ECE/89,Optical Communication ,T.Mythily,~
KLNCIT/ECE/90,EM waves & Wave guides,Dhananjeyan,~
KLNCIT/ECE/91,EDC-2Marks,Nagarajan,~
KLNCIT/ECE/92,TSN,Abdhul Namith,Ramalinga
KLNCIT/ECE/93,Computer Communication N/W?s,V.S.Bagad,~
KLNCIT/ECE/94,Communication Systems,Sanjay Sharma,~
KLNCIT/ECE/95,Microwave Engg,A.K.Gowtham,Katsons Books
KLNCIT/ECE/96,Signals and Systems,J.S.Chitode,~
KLNCIT/ECE/97,Electronic Circuits-I,A.P.Godse,~
KLNCIT/ECE/98,N/W Analysis & Systhesis,Bakshi,Technical
KLNCIT/ECE/99,Electrical Engineering,U.A.Bakshi,~
KLNCIT/ECE/100,DSD,Godse,~
KLNCIT/ECE/101,Control System,R.Sasikala,~
KLNCIT/ECE/102,Circuit Analysis,Uday Bakshi,~
KLNCIT/ECE/103,TL & Networks,U.A.Bakshi,~
KLNCIT/ECE/104,EM waves & Wave Guides,Dhananjeyan,~
KLNCIT/ECE/105,W Engineering,T.Jayanthy,~
KLNCIT/ECE/106,Signals and Systems,Badmavady Girivasan,~
KLNCIT/ECE/107,Optical Communications,D.Mythili,~
KLNCIT/ECE/108,Total Quality Management,S.kumar,Laxmi
KLNCIT/ECE/109,P?S ,A.P.Godse,~
KLNCIT/ECE/110,Verilog Digital System Design,Zainualbdeen Navab,~
KLNCIT/ECE/111,Electronic Circuits II,K.S.Srinivasan,Anuradha
KLNCIT/ECE/112,Digital Signal Processing,Ramesh Babu,Scitech
KLNCIT/ECE/113,~,,~
KLNCIT/ECE/114,DE,R.S.Sedha,~
KLNCIT/ECE/115,Environmental Science Engineering,T.Meenambal,~
KLNCIT/ECE/116,EDC-2marks,G.Nagarajan,~
KLNCIT/ECE/117,Microprocessor & Microcontroller,R.Thiyagarajan,~
KLNCIT/ECE/118,S.S.,Eugene Xavier,~
KLNCIT/ECE/119,N/W Analysis & Systhesis,Geetha ,Scitech
KLNCIT/ECE/120,Digital Signal Processing,Yugene Xavier,S.Chand
KLNCIT/ECE/121,~,,~
KLNCIT/ECE/122,Engineering Electromagnetics,Dr.P.Dhananjeyan,~
KLNCIT/ECE/123,Principles of Communication Engineering,Anokh Singh,Chand
KLNCIT/ECE/124,Principles of Communication Systems,Taub,~
KLNCIT/ECE/125,Digital Signal Processing,Sanjit K.Mitra,~
KLNCIT/ECE/126,Prof.Ethics,Jeyashree,S.Chand
KLNCIT/ECE/127,Comp.Archi. & Logic Design,Thomas C.Bartee,Tata.M.C.Grawhill
KLNCIT/ECE/128,Engineering Circuit Analysis,William H.Hayt,TATA mc Graw Hill
KLNCIT/ECE/129,Electromagnetics with Applience,Kraus,TATA mc Graw Hill
KLNCIT/ECE/130,Optical Fiber Communication,Kaiser,~
KLNCIT/ECE/131,B.E ECE-VII-2Marks,Pratheeba,~
KLNCIT/ECE/132,Comp.Archi & Organisation,B.Govindarajlu,Tata.M.C.Grawhill
KLNCIT/ECE/133,Microprocessor & Interfaring,Douglas.V.Hall,Tata.M.C.Grawhill
KLNCIT/ECE/134,Principles of Communication Systems,Taub Schilling,Tata.M.C.Grawhill
KLNCIT/ECE/135,Digital Signal Processing,Sanjit K.Mitra,Tata.M.C.Grawhill
KLNCIT/ECE/136,P 8086 Programming & Inter Facing,A.Nagoor Kani,R.B.A.
KLNCIT/ECE/137,Antenna & Wave Propagation,A.K.Gowtham,S.K.Karthika
KLNCIT/ECE/138,Radar & Senser Engineering,K.K.Sharma,S.K.Karthika
KLNCIT/ECE/139,Electromagnetic fields and waves,R.Gowri,S.K.Karthika
KLNCIT/ECE/140,Digital Signal Processing,Sanjay Sharma,S.K.Karthika
KLNCIT/ECE/141, Digital electronics,B.R.Gupta,Katson books
KLNCIT/ECE/142,Signals and Systems,Sanjay Sharma,S.K.Karthika
KLNCIT/ECE/143,Basic Electronics,J.B.Gupta,S.K.Karthika
KLNCIT/ECE/144,Circuits & Systems,K.M.Soni,S.K.Karthika
KLNCIT/ECE/145,~,~,~
KLNCIT/ECE/146,Optical Communication ,R.K.Singh,~
KLNCIT/ECE/147,Electronic devices and circuits,J.B.Gupta,S.K.Kavitha & Sons
KLNCIT/ECE/148,EM waves & Wave guides,S.Aruna,Anuradha
KLNCIT/ECE/149,Digital Communication,K.S.Srinivasan,Anuradha
KLNCIT/ECE/150,Electronics Lab Primer,S.Poornachandra; B.Sasikala,S.Chand & company
KLNCIT/ECE/151,TV & Video Engineering,G.Nagarajan,A.R.S.Publications
KLNCIT/ECE/152,Microprocessor & Microcontroller,Nagoor Kani,R.B.A.
KLNCIT/ECE/153,Electrical Technology,C.R.Durgon,Dhanpat Rai
KLNCIT/ECE/154,Digital Electronics & Micro Computers,R.K.Gaur,Dhanpat Rai
KLNCIT/ECE/155,Electronic Devices & Circuits,Sanjay Gupta,Dhanpat Rai
KLNCIT/ECE/156,B.E ECE/DE(IV sem) 2marks,Pratheeba,~
KLNCIT/ECE/157,Prof.Ethics & Human Values,Prof.K.Krishnaswamy & Dr.K.Thangaraj,R.K.Publishers
KLNCIT/ECE/158,Digital Signal Processing,Dr.S.Sivanandam,R.K.Publishers
KLNCIT/ECE/159,Prof.Ethics,Dr.A.Ifthikarudeen; B.A.Krishnaiah,Sooraj Publications
KLNCIT/ECE/160,Principles of Management,Dr.K.Ravichandran,~
KLNCIT/ECE/161,Antennas & Wave Propagation,D.Mythily,Selva Publications
KLNCIT/ECE/162,VLSI circuit Design,Albert Raj; T.Latha,Anuradha
KLNCIT/ECE/163,Practical approach to Digital Signal Processing,K.Padmanaban; Anandhi,New age
KLNCIT/ECE/164,Mobile Com,V.Jeyasri Arokiasamy,Anuradha
KLNCIT/ECE/165,Telecommunication Switching Network,P.Gnanasivam,New Age
KLNCIT/ECE/166,~,~,~
KLNCIT/ECE/167,Electronic Circuits-II,U.A.Bakshi,Technical
KLNCIT/ECE/168,P & C ,A.P.Godse & D.A.Godse,Technical
KLNCIT/ECE/169,Signals and Systems,J.S.Chitode,Technical
KLNCIT/ECE/170,Electric Circuits Analysis,H.Chandra Gupta,S.Chand
KLNCIT/ECE/171,Principles of Communication Engineering,Singh,S.Chand
KLNCIT/ECE/172,Principles Electron Devices & Circuits,B.L.Theraja; R.S.Sedha,S.Chand
KLNCIT/ECE/173,Tele Communication Systems,V.Thiyagarajan,A.R.Publications
KLNCIT/ECE/174,Prof.Ethics,V.Jayakumar,Lakshmi
KLNCIT/ECE/175,Control System(IV year-U.Ramesh Kumar),M.Ezhilmaran,Lakshmi
KLNCIT/ECE/176,Prof.Ethics & Human Values,V.Jayakumar,Lakshmi
KLNCIT/ECE/177,Transmission lines & wave guides,U.A.Bakshi; A.V.Bakshi,Technical
KLNCIT/ECE/178,Digital Signal Processing,J.S.Chithode,Lakshmi
KLNCIT/ECE/179,Signal and Systems,D.Valli,Lakshmi
KLNCIT/ECE/180,Communication Theory,A.Jabeena & K.Murali Babu,A.R.S
KLNCIT/ECE/181,Principles of Digital & Analog Communication,Sakthivel Murugan,
KLNCIT/ECE/182,Micro Processor & Micro Controller,A.Nagoor Kani,RBA
KLNCIT/ECE/183,~,~,~
KLNCIT/ECE/184,~,~,~
KLNCIT/ECE/185,Antenna and propagation,A.Amsa Veni,Anuradha
KLNCIT/ECE/186,Microwave Engineering,Jayanthy & K.S.Balaji,Anuradha
KLNCIT/ECE/187,Electronic Circuits-I,U.A.Bakshi & A.P.Godse,Technical
KLNCIT/ECE/188,Transmission lines and waves guides,Dr.P.Dhananjeyan,Lakshmi
KLNCIT/ECE/189,Communication Theory,J.S.Chithode,Technical
KLNCIT/ECE/190,Communication Engineering,J.S.Chithode,Technical
KLNCIT/ECE/191,Principles of electromagnetic theory,A.Srinivasa Reddy,RBA
KLNCIT/ECE/192,Optical Communication ,Dr.M.Arumugam,Anuradha
KLNCIT/ECE/193,Electronic Devices,K.S.Srinivasan,Anuradha
KLNCIT/ECE/194,Electronic Devices,K.S.Srinivasan,Anuradha
KLNCIT/ECE/195,Prof.Ethics and Human Values,S.Baskar,Anuradha
KLNCIT/ECE/196,Electronic Circuits-I,K.S.Srinivasan,Anuradha
KLNCIT/ECE/197,Antennas and propagation,D.Valli,Anuradha
KLNCIT/ECE/198,Micro Processor and its applications,A.P.Godse & D.A.Godse,Anuradha
KLNCIT/ECE/199,8085; 8086 P & 8051C; hardware applications & interfaring,R.Latha; S.Sakthivel,Anuradha
KLNCIT/ECE/200,Electronic Circuits-II,K.S.Srinivasan,Anuradha
KLNCIT/ECE/201,Electron Devices and Circuits,U.A.Bakshi & A.P.Godse,Technical
KLNCIT/ECE/202,Electronic Devices and Circuits,G.K.Mithal,Khanna
KLNCIT/ECE/203,Circuit Analysis,J.Jebastine; J.Venugopalakrishnan,Srikrishna
KLNCIT/ECE/204,Electronic Devices and Circuits,K.S.Srinivasan,Anuradha
KLNCIT/ECE/205,Electron Devices,A.P.Godse; U.A.Bakshi; A.V.Bakshi,Techincal
KLNCIT/ECE/206,Circuit Analysis,U.A.Bakshi; A.V.Bakshi,Technical
KLNCIT/ECE/207,Electron Devices(Ex.Final Year K.Rajesh),P.Ramesh Babu; Ganesh Babu,Scitech
KLNCIT/ECE/208,Electronic Devices,K.S.Srinivasan,Anuradha
KLNCIT/ECE/209,Communication Engineering,S.Sakthivelmurugan,RBA
KLNCIT/ECE/210,Electric Circuit Analysis,A.Nagoorkani,RBA
KLNCIT/ECE/211,Integrated Circuits,K.R.Botkar,Khanna
KLNCIT/ECE/212,V-sem 2marks Question Bank,,Pratheeba
KLNCIT/ECE/213,Power Electronics,Dr.P.S.Bhimpra,Khanna
KLNCIT/ECE/214,Circuit Analysis,P.Ramesh Babu,Scitech
KLNCIT/ECE/215,Control Systems,R.A.Basapate; U.A.Bakshi,Tech-Max
KLNCIT/ECE/216,Electronic Circuits-II,K.S.Srinivasan,Anuradha
KLNCIT/ECE/217,Control Systems,U.A.Bakshi; V.U.Bakshi,Technical
KLNCIT/ECE/218,8085; 8086 P & 8051C; hardware applications & interfaring,R.Latha; S.Sakthivel,Anuradha
KLNCIT/ECE/219,A Practical approach to Digital Signal Processing,K.Padmanabhan; D.S.Ananthi,New Age
KLNCIT/ECE/220,Digital Signal Processing,C.Ramesh Babu Durai,Lakshmi
KLNCIT/ECE/221,Digital Communication,J.S.Chithode,Technical
KLNCIT/ECE/222,Communication Theory,J.S.Kaire,Tech-Max
KLNCIT/ECE/223,Antennas and wave propagation(M.R.Balaji),A.Amsa Veni,Anuradha
KLNCIT/ECE/224,A first course in electronics,Anwar.A.Khan; Khanchan.K.Dey,PH1
KLNCIT/ECE/225,Electronic Circuits II ,G.Pugahendiran,~
KLNCIT/ECE/226,Computer Networks,K.Murali Babu; L.Agilandeswari,A.R.S.
KLNCIT/ECE/227,Antennas and Propagation,D.Mythily,Selva
KLNCIT/ECE/228,Signals and Systems,D.Valli,Lakshmi
KLNCIT/ECE/229,Analog and Digital Communication,K.S.Srinivasan,Anuradha
KLNCIT/ECE/230,Computer Architecture,S.Neelavathipari; Edreena,Magnus
KLNCIT/ECE/231,~,~,~
KLNCIT/ECE/232,Computer Networks,D.Thenmozhi; V.Balsubramanian,Magnus
KLNCIT/ECE/233,P& C IV-IT & V-CSE,R.Kanthavel; R.Dhivya,Magnus
KLNCIT/ECE/234,Digital Signal Processing,K.S.Srinivasan,Anuradha
KLNCIT/ECE/235,Measurements and Instrumentation,M.Janaki Rani; G.Sathya Bhama,Anuradha
KLNCIT/ECE/236,Electronic Devices,K.S.Srinivasan,Anuradha
KLNCIT/ECE/237,Optical Communications,M.Arumugam,Anuradha
KLNCIT/ECE/238,Communications Theory,K.S.Srinivasan,Anuradha
KLNCIT/ECE/239,Television and Video Engineering,G.Nagarajan,A.R.S.
KLNCIT/ECE/240,Optical Communications,V.S.Bagad,Technical
KLNCIT/ECE/241,Electronics Laboratory Manual,S.Poorna Chandran; B.Sasikala,S.Chand
KLNCIT/ECE/242,Applied Electronics,R.S.Sedha,S.Chand
KLNCIT/ECE/243,Principles of communications Engineering,Anok Singh; A.K.Chabra,S.Chand
KLNCIT/ECE/244,Principles of Electronic Devices & Circuits,B.L.Theraja; R.S.Sedha,S.Chand
KLNCIT/ECE/245,Digital Electronics,P.Pugazhendran,S.Chand
KLNCIT/ECE/246,Electron Devices & Circuits,S.Balaji; G.Senthilkumar,VRb
KLNCIT/ECE/247,Electron Devices,T.Ravikumar; G.Senthilkumar,VRB
KLNCIT/ECE/248,Optical Communications,D.Mythily,Selva
KLNCIT/ECE/249,Microprocessor and its applications,P.S.Manoharan,Chanilatha
KLNCIT/ECE/250,Transmission lines and Waveguides,R.S.Saravana Kumar; ,Anuradha
KLNCIT/ECE/251,Communications Theory,R.Rani; R.G.susila; P.Sankar,Magnus
KLNCIT/ECE/252,Electron Devices and Circuits,K.Srinivasan; M.Palpandian,Magnus
KLNCIT/ECE/253,Electromagnetic field Theory,SBalasubramanian; S.Nagammai; S.Murugan,Annaivelu
KLNCIT/ECE/254,Digital Signal Processing,V.Krishnamoorthy; C.Ramesh Babu; Durai,Laxmi
KLNCIT/ECE/255,Optical Communications,Sathyamoorthy; Daniel; Jayanthi; NishaLaw,Sams
KLNCIT/ECE/256,P& C Hardware applience & Interfacing,R.Latha; S.Sakthivel,Anuradha
KLNCIT/ECE/257,Measurements and Instrumentation,M.Janaki Rani; G.Sathya Bhama,Anuradha
KLNCIT/ECE/258,Analog and Digital Communication,K.S.Srinivasan,Anuradha
KLNCIT/ECE/259,Digital Communication,K.S.Srinivasan,Anuradha
KLNCIT/ECE/260,Computer Networks,J.S.Katre,Tech-max
KLNCIT/ECE/261,Measurements and Instrumentation,Albert.D.Helfra,Tech.max
KLNCIT/ECE/262,Digital Signal Processing,J.S.Katre,Tech.Max
KLNCIT/ECE/263,P& C,U.S.Shah,Tech.Max
KLNCIT/ECE/264,Antennas and Wave Propagation,A.R.Harish; M.Sachidanandham,Oxford
KLNCIT/ECE/265,Digital Signal Processing,C.Ramesh Babu; Durai,Lakshmi
KLNCIT/ECE/266,Linear Systems and Signals,B.P.Lathi,Oxford
KLNCIT/ECE/267,Elements of Electro Magnetics,Mathew.N.O.Sadiku,Oxford
KLNCIT/ECE/268,Principles of Management,K.Anbuvelan,Laxmi
KLNCIT/ECE/269,Communication Systems,Anuradha,R.Kumar
KLNCIT/ECE/270,Principles of Communications,K.S.Srinivasan,Selva
KLNCIT/ECE/271,Linear Integrated Circuits (P.K.),Roy Choudry Jain,New Age
KLNCIT/ECE/272,Communication Switching Systems,J.Raja,Akshaya
KLNCIT/ECE/273,Introduction to Digital Signal Processing ,Johny.R.Johnsa,Prentice Hall
KLNCIT/ECE/274,Engineering Electromagnetics,William Hayt.J.R.,Tata Megraw Hill
KLNCIT/ECE/275,Modern Television Practice,R.R.Gulati,New Age
KLNCIT/ECE/276,Electronic Circuits-II (M.M),P.Pugazendiran,A.R
KLNCIT/ECE/277,~,~,~
KLNCIT/ECE/278,Control Systems,R.Sasikala; P.Jeyakumari,Anuradha
KLNCIT/ECE/279,Linear Integrated Circuits(P.K),Salivahanam,Tata Megraw Hill
KLNCIT/ECE/280,Measurement Systems,Ernest Dobelin;Dhanesh N.Manik,Tata Megraw Hill
KLNCIT/ECE/281,~,~,~
KLNCIT/ECE/282,Fundamentals of Signals and Systems,Michael; J.Robert,Tata Megraw Hill
KLNCIT/ECE/283,VLSI Technology,Sujatha Pandey; Manoj Pandey,Dhanpal Rai & Co
KLNCIT/ECE/284,Bio Medical Instrumentation and Medical Electronics,R.L.Rekha; C.Ravikumar,Lakshmi
KLNCIT/ECE/285,Microwave Engineering,V.S.Bagad,Technical
KLNCIT/ECE/286,~,,
KLNCIT/ECE/287,Digital Signal Processing,J.S.Chithode,Technical
KLNCIT/ECE/288,Communication Theory,J.S.Chithode,Technical
KLNCIT/ECE/289,~,,
KLNCIT/ECE/290,Micro Processor and its applications,Godse,Technical
KLNCIT/ECE/291,Digital Signal Processing (A.M),Chithode,Technical
KLNCIT/ECE/292,Tele Communications Systems,V.S.Bagad,Technical
KLNCIT/ECE/293,Optical Communication,V.S.Bagad,Technical
KLNCIT/ECE/294,Microwave Engineering,V.S.Bagad,Technical
KLNCIT/ECE/295,Textbook on Optical Fiber Communication and its applience,S.C.Gupta,Prentice Hall of India
KLNCIT/ECE/296,Transmission Liner & Waveguides,S.Suganthi; Elangovan.E,Magnus Publications
KLNCIT/ECE/297,Optical Communications,Dr.M.Arumugam,Anuradha
KLNCIT/ECE/298,Txn Lines & Waveguides,R.Saravanakumar; R.Rani,Anuradha
KLNCIT/ECE/299,Control Systems,R.Sasikala; P.Jeyakumari,Anuradha
KLNCIT/ECE/300,Electron Devics & Circuits,D.Chatto Padhyay; P.C.Rakshit,New age
KLNCIT/ECE/301,Micro Processor & Micro Controller,A.P.Godse& D.A.Godse,Technical
KLNCIT/ECE/302,Communication Theory,K.S.Srinivasan,Anuradha
KLNCIT/ECE/303,Electronic devices & Circuits,U.A.Bakshi & A.P.Godse,Technical
KLNCIT/ECE/304,Electronic Devices,K.S.Srinivasan,Anuradha
KLNCIT/ECE/305,Electronic Devices and Circuits,D.Chatto Padhyay,New age
KLNCIT/ECE/306,Signals and Systems,P.Ramesh Babu & P.Ananda Nataraj,SCI Tech
KLNCIT/ECE/307,Linear Integrated Circuits(P.K),T.R.Ganesh babu; B.Suseela,SCI Tech
KLNCIT/ECE/308,Electronic Circuits-II,B.Sasikala; S.Poornachandran,SCI Tech
KLNCIT/ECE/309,Signals and Systems(A.M),S.Padmavathy Girivasan,Anuradha
KLNCIT/ECE/310,Electric Circuits Theory & Analysis,M.K.Balachandran & L.Rajaji,V.R.B
KLNCIT/ECE/311,Bio Medical Instrumentation,Rajalakshmi,Sams
KLNCIT/ECE/312,Electric Circuits and Electron Devices,S.Kalpana Rajan& S.Achudhan,United Global Publishers
KLNCIT/ECE/313,Mobile Communications,R.Janaki,Anuradha
KLNCIT/ECE/314,Computer Network,Dr.N.Jayaprakash,Anuradha
KLNCIT/ECE/315,Antennas & Wave propagation(S.V),A.Amsaveni,Anuradha
KLNCIT/ECE/316,Micro Processor & Micro Controller,P.S.Mahendran,Charulatha
KLNCIT/ECE/317,VLSI Design,R.Uma,Sri Krishna
KLNCIT/ECE/318,Electric Circuits & Electron Devices,K.Bommana Raja & S.Sasikumar,Sri Krishna
KLNCIT/ECE/319,Principles of Communicatons,K.S.Srinivasan,Anuradha
KLNCIT/ECE/320,High-Speed Networks and Internets(S.M.Gopi-IV Year),William Stallings,Pearson Education
KLNCIT/ECE/321,CMOS VLSI Design (A circuits & systems perspective),NEIL.H.E.Weste; Davis Harris; AyanBanerjae(IIIrd Edition),Pearson Education
KLNCIT/ECE/322,Electronic Communications Systems Vth Edition,Wayme Tomasi,Pearson Education
KLNCIT/ECE/323,Digital Circuits & Design(B.J),S.Salvahanan,Vikas
KLNCIT/ECE/324,Signals and Systems,Dr.J.S.Chithode,Techincal
KLNCIT/ECE/325,Electronic Circuits I(P.K),A.P.Godse; U.A.Bakshi,Techincal
KLNCIT/ECE/326,Linear Integrated Circuits(P.K),D.Roy Choudhury; Shail B.Jain,New Age
KLNCIT/ECE/327,Modern Television Practice IIIrd Edition,R.R.Gulati,New Age
KLNCIT/ECE/328,Circuit Analysis,U.A.Bakshi & A.V.Bakshi,Technical
KLNCIT/ECE/329,VLSI Design,R.Sakthivel,S.Chand
KLNCIT/ECE/330,Microwave Engineering,T.Jayanthy; K.S.Shaji,Anuradha
KLNCIT/ECE/331,Optical Communication(Jeyanthan),Dr.M.Arumugam,Anuradha
KLNCIT/ECE/332,Digital Image Processing using Matlab,E.S.Gopi,SCI Tech
KLNCIT/ECE/333,Transmission Lines & Waveguides,S.Suganthi & E.Elangovan,Magnus
KLNCIT/ECE/334,Electrical Engineering,U.A.Bakshi; V.V.Bakshi,Technical
KLNCIT/ECE/335,Digital Electronics,P.S.Manoharan,Charulatha
KLNCIT/ECE/336,Micro Processor and its applications,P.S.Manoharan,Charulatha
KLNCIT/ECE/337,CMOS VLSI Design,NEIL.H.E.Weste (IIIrd)edition,Pearson Education
KLNCIT/ECE/338,~,,
KLNCIT/ECE/339,Microwave Engineering,T.Jayanthy; K.S.Shaji,Anuradha
KLNCIT/ECE/340,Microwave Devices & CKTS,Sanue.Y.Liao,EEE
KLNCIT/ECE/341,Digital Image Processing (IInd Edition),Rafel.C.Gonzalez & Richard E.Wood,Pearson Education
KLNCIT/ECE/342,High Speed Networks & Internets(IInd edition) ,William Stallings,Pearson Education
KLNCIT/ECE/343,Digital Image Processing(IIIrd edition),Rafel.C.Gonzalez,Pearson Education
KLNCIT/ECE/344,Microwave Engineering,T.Jayanthy K.S.Shaji,Anuradha
KLNCIT/ECE/345,Electronic Circuits,U.A.Bakshi; A.P.Godse,Technical
KLNCIT/ECE/346,Electronic Circuits,U.A.Bakshi; A.P.Godse,Technical
KLNCIT/ECE/347,Signals and Systems,P.Ramesh Babu; R.Ananda Natarajan,SCI Tech
KLNCIT/ECE/348,Digital Electronics,P.Raja,SCI Tech
KLNCIT/ECE/349,Digital Electronics,P.Raja,SCI Tech
KLNCIT/ECE/350,Digital Electronics,P.Raja,SCI Tech
KLNCIT/ECE/351,A textbook of Digital Electronics,R.S.Sedha,S.Chand
KLNCIT/ECE/352,Digital Communication,V.K.Khanna,S.Chand
KLNCIT/ECE/353,P & its applications,P.S.Manoharan,Charulatha
KLNCIT/ECE/354,Microwave Engineering,T.Jayanthy&K.S.Shaji,Anuradha
KLNCIT/ECE/355,Electronic Circuits-I,U.A.Bakshi & A.P.Godse,Technical
KLNCIT/ECE/356,Digital Image Processing(IInd edition),Rafael C.Gonzalez & Richard E.Woods,Pearson Education
KLNCIT/ECE/357,Optical Fiber Communications Principles & Practicals(IInd edition),John.M.Senior,Pearson Education
KLNCIT/ECE/358,CMOS VLSI Design,NEIL.H.E.Weste,Pearson Education
KLNCIT/ECE/359,High speed Networks,William Stalling,Pearson Education
KLNCIT/ECE/360,Electronic Circuits,U.A.Bakshi; A.P.Godse,Technical
KLNCIT/ECE/361,High speed Networks,William Stalling,Pearson Education
KLNCIT/ECE/362,DIP using Matlab,E.S.Gopi,SCI Tech
KLNCIT/ECE/363,Signals and Systems(IIIrd edition),P.Ramesh babu; R.Ananda Natarajan,SCI Tech
KLNCIT/ECE/364,Signals and Systems(IIIrd edition),P.Ramesh babu; R.Ananda Natarajan,SCI Tech
KLNCIT/ECE/365,Digital Signal Processing(S.Selvakumar),S.Saalivahanan; A.Vallavaraj,TMH
KLNCIT/ECE/366,Digital Signal Processing,P.RameshBabu,SCI Tech
KLNCIT/ECE/367,~,,
KLNCIT/ECE/368,Microwave Devices and Circuits,Samuel Y.Liao,Eastern Economy
KLNCIT/ECE/369,CMOS VLSI Design,NEIL.H.E.Weste,Pearson Education
KLNCIT/ECE/370,High SpeedN/W & Internets,William stalling,Pearson Education
KLNCIT/ECE/371,Micro Processor & Micro Controller(IInd edition),R.Thiyagarajan,SCI Tech
KLNCIT/ECE/372,Micro Processor & Micro Controller(IInd edition),R.Thiyagarajan,SCI Tech
KLNCIT/ECE/373,Signals and Systems(IIIrd edition),P.Rameshbabu; Ananda Natarjan,SCI Tech
KLNCIT/ECE/374,Integrated Electronics,Jacob Millman; Christos C.Halkian,TMH
KLNCIT/ECE/375,EDC,B.Sasikala& S.Poorna chandran,SCI Tech
KLNCIT/ECE/376,Communication Systems(IV edition) ,Simon Haykin,Wiley Student
KLNCIT/ECE/377,Communication Systems(IV edition) ,Simon Haykin,Wiley Student
KLNCIT/ECE/378,Control System Engineering,R.Anand natarajan,SCI Tech
KLNCIT/ECE/379,Communication System(IVedition),Simon Haykin,Wiley Student
KLNCIT/ECE/380,Control System Engineering,R.Anand Natarajan,SCI Tech
KLNCIT/ECE/381,Control System Engineering,R.Anand Natarajan,SCI Tech
KLNCIT/ECE/382,Communication Systems,Simon Haykin,Wiley Student
KLNCIT/ECE/383,Control System,R.Anand Natarajan,SCI Tech
KLNCIT/ECE/384,Digital Signal Processing(IVth edition),P.Ramesh Babu,SCI Tech
KLNCIT/ECE/385,Digital Signal Processing(IVth edition),P.Ramesh Babu,SCI Tech
KLNCIT/ECE/386,Digital Signal Processing(IVth edition),P.Ramesh Babu,SCI Tech
KLNCIT/ECE/387,Digital Signal Processing(IVth edition),P.Ramesh Babu,SCI Tech
KLNCIT/ECE/388,Control System,R.Anand Natarajan; Ram.P,SCI Tech
KLNCIT/ECE/389,Micro Processor and Micro Controller,A.Nagoorkani,RBA
KLNCIT/ECE/390,Communication and Theory systems,T.R.Ganesh babu; G.Srinivasan,SCI Tech
KLNCIT/ECE/391,Micro Processor and Micro Controller,A.Nagoorkani,RBA
KLNCIT/ECE/392,Communication and Theory systems,T.R.Ganesh babu; G.Srinivasan,SCI Tech
KLNCIT/ECE/393,Communication System(IVedition),Simon Haykin,Wiley Student
KLNCIT/ECE/394,Digital Signal Processing,S.Salivahanan,TMH
KLNCIT/ECE/395,Communication and Theory systems,T.R.Ganesh babu; G.Srinivasan,SCI Tech
KLNCIT/ECE/396,Communication and Theory systems,T.R.Ganesh babu; G.Srinivasan,SCI Tech
KLNCIT/ECE/397,Communication and Theory systems,T.R.Ganesh babu; G.Srinivasan,SCI Tech
KLNCIT/ECE/398,Micro Processor and Micro Controller,A.Nagoorkani,RBA
KLNCIT/ECE/399,Micro Processor and Micro Controller,A.Nagoorkani,RBA
KLNCIT/ECE/400,Micro Processor and Micro Controller,A.Nagoorkani,RBA
KLNCIT/ECE/401,Micro Processor and Micro Controller(IInd edition),R.Thiagarajan,SCI Tech
KLNCIT/ECE/402,Electronic Devices and Circuits (IInd edition),Jacob Millman; Christos.C.Halkias,TMH
KLNCIT/ECE/403,Electronic Devices and Circuits (IInd edition),Jacob Millman; Christos.C.Halkias,TMH
KLCNIT/ECE/404,Electronic Devices and Circuits (IInd edition),Jacob Millman; Christos.C.Halkias,TMH
KLNCIT/ECE/405,Electronic Devices and Circuits (IInd edition),Jacob Millman; Christos.C.Halkias,TMH
KLNCIT/ECE/406,Electronic Devices and Circuits (IInd edition),Jacob Millman; Christos.C.Halkias,TMH
KLNCIT/ECE/407,Electronic Circuits-II,B.Sasikala; S.Poornachandran,SCI Tech
KLNCIT/ECE/408,Electronic Circuits-II,B.Sasikala; S.Poornachandran,SCI Tech
KLNCIT/ECE/409,Electronic Circuits-II,B.Sasikala; S.Poornachandran,SCI Tech
KLNCIT/ECE/410,Electronic Circuits-II,B.Sasikala; S.Poornachandran,SCI Tech
KLNCIT/ECE/411,Electronic Circuits-II,B.Sasikala; S.Poornachandran,SCI Tech
KLNCIT/ECE/412,Digital System Design,A.P.Godse & D.A.Godse,Technical
KLNCIT/ECE/413,Microwave Devices and Circuits(IIIrd edition),Samuel Y.Liao,Eastern Economy edition
KLNCIT/ECE/414,Microwave Engineering,T.Jayanthy; K.S.Shaji,Anuradha
KLNCIT/ECE/415,Optical Fiber Communication Principles & Practice,John.M.Senior,Pearson Education
KLNCIT/ECE/416,Digital Communication,J.S.Chitode,Technical
KLNCIT/ECE/417,Electronic Circuits(Ist edition-2009),U.A.Bakshi&A.P.Godse,Technical
KLNCIT/ECE/418,DIP using matlab,E.S.Gopi,SCI Tech
KLNCIT/ECE/419,DIP using matlab,E.S.Gopi,SCI Tech
KLNCIT/ECE/420,CMOS VLSI Design-IIIrd edition,NEIL.H.E.Weste,Pearson Education
KLNCIT/ECE/421,Verilog Digital System Design(IInd edition),Zainalabedin navabi,TMH
KLNCIT/ECE/422,Antennas & Wave Propagation,U.A.Bakshi,Technical
KLNCIT/ECE/423,Antennas & Wave Propagation,U.A.Bakshi; A.V.Bakshi,Technical
KLNCIT/ECE/424,Digital Communication,J.S.Chitode,Technical
KLNCIT/ECE/425,Measurements and Instrumentation,U.A.Bakshi; A.V.Bakshi,Technical
KLNCIT/ECE/426,Integrated Electronics,Jacob Millman,TMH
KLNCIT/ECE/427,Antennas & Wave Propagation(S.V),U.A.Bakshi; A.V.Bakshi,Technical
KLNCIT/ECE/428,Digital Communication(M.N),K.S.Srinivasan,Anuradha
KLNCIT/ECE/429,Antennas & Wave Propagation,K.D.Prasad,Tech India
KLNCIT/ECE/430,Antenna Theory Analysis & Design,Constantine A.Balanis,Wiley India Edition
KLNCIT/ECE/431,Antenna Theory Analysis & Design,Constantine A.Balanis,Wiley India Edition
KLNCIT/ECE/432,Antenna Theory Analysis & Design,Constantine A.Balanis,Wiley India Edition
KLNCIT/ECE/433,Antenna Theory Analysis & Design,Constantine A.Balanis,Wiley India Edition
KLNCIT/ECE/434,Antenna Theory Analysis & Design,Constantine A.Balanis,Wiley India Edition
KLNCIT/ECE/435,Introductory Electronic Devices & Circuits,Robert.T.Paynter,Pearson Education
KLNCIT/ECE/436,Introductory Electronic Devices & Circuits,Robert.T.Paynter,Pearson Education
KLNCIT/ECE/437,Introductory Electronic Devices & Circuits,Robert.T.Paynter,Pearson Education
KLNCIT/ECE/438,Introductory Electronic Devices & Circuits,Robert.T.Paynter,Pearson Education
KLNCIT/ECE/439,Introductory Electronic Devices & Circuits,Robert.T.Paynter,Pearson Education
KLCNIT/ECE/440,Modern Electronic Instrumentation and Measurement Techniques,AlbertD.Helfrick; William D.Cooper,Pearson Education
KLNCIT/ECE/441,Modern Electronic Instrumentation and Measurement Techniques,AlbertD.Helfrick; William D.Cooper,Pearson Education
KLNCIT/ECE/442,Modern Electronic Instrumentation and Measurement Techniques,AlbertD.Helfrick; William D.Cooper,Pearson Education
KLNCIT/ECE/443,Modern Electronic Instrumentation and Measurement Techniques,AlbertD.Helfrick; William D.Cooper,Pearson Education
KLNCIT/ECE/444,Modern Electronic Instrumentation and Measurement Techniques,AlbertD.Helfrick; William D.Cooper,Pearson Education
KLNCIT/ECE/445,Linear Integrated Circuits,U.A.Bakshi; A.P.Godse,Technical
KLNCIT/ECE/446,Linear Integrated Circuits,U.A.Bakshi; A.P.Godse,Technical
KLNCIT/ECE/447,Linear Integrated Circuits,U.A.Bakshi; A.P.Godse,Technical
KLNCIT/ECE/448,Linear Integrated Circuits,U.A.Bakshi; A.P.Godse,Technical
KLNCIT/ECE/449,Linear Integrated Circuits,U.A.Bakshi; A.P.Godse,Technical
KLNCIT/ECE/450,Measurements and Instrumentations,U.A.Bakshi; A.P.Bakshi,Technical
KLNCIT/ECE/451,Measurements and Instrumentations,U.A.Bakshi; A.P.Bakshi,Technical
KLNCIT/ECE/452,Measurements and Instrumentations,U.A.Bakshi; A.P.Bakshi,Technical
KLNCIT/ECE/453,Measurements and Instrumentations,U.A.Bakshi; A.P.Bakshi,Technical
KLNCIT/ECE/454,Electronic Devices and Circuits,Theodore F.BogartJr; Jeffrey.S.Beasley; Guillermo Rico,Pearson Education
KLNCIT/ECE/455,Electronic Devices and Circuits,Theodore F.BogartJr; Jeffrey.S.Beasley; Guillermo Rico,Pearson Education
KLNCIT/ECE/456,Electronic Devices and Circuits,Theodore F.BogartJr; Jeffrey.S.Beasley; Guillermo Rico,Pearson Education
KLNCIT/ECE/457,Electronic Devices and Circuits,Theodore F.BogartJr; Jeffrey.S.Beasley; Guillermo Rico,Pearson Education
KLNCIT/ECE/458,Electronic Devices and Circuits,Theodore F.BogartJr; Jeffrey.S.Beasley; Guillermo Rico,Pearson Education
KLNCIT/ECE/459,OP-Amps and Linear Integrated Circuits,Ramakant A.Gayakwad,Pearson Prentice Hall
KLNCIT/ECE/460,Antennas and Wave Propagation,Soundara Rajan.V SalaiThillai Thilagam.J,SCI Tech
KLNCIT/ECE/461,Antennas and Wave Propagation,Soundara Rajan.V SalaiThillai Thilagam.J,SCI Tech
KLNCIT/ECE/462,Antennas and Wave Propagation,Soundara Rajan.V SalaiThillai Thilagam.J,SCI Tech
KLNCIT/ECE/463,Antennas and Wave Propagation,Soundara Rajan.V SalaiThillai Thilagam.J,SCI Tech
KLNCIT/ECE/464,Antennas and Wave Propagation,Soundara Rajan.V SalaiThillai Thilagam.J,SCI Tech
KLNCIT/ECE/465,Network Analysis and Synthesis,N.Geetha,SCI Tech
KLNCIT/ECE/466,Network Analysis and Synthesis,N.Geetha,SCI Tech
KLNCIT/ECE/467,Network Analysis and Synthesis,N.Geetha,SCI Tech
KLNCIT/ECE/468,Network Analysis and Synthesis,N.Geetha,SCI Tech
KLNCIT/ECE/469,Network Analysis and Synthesis,N.Geetha,SCI Tech
KLNCIT/ECE/470,Electromagnetic Fields,U.A.Bakshi;A.V.Bakshi,Technical
KLNCIT/ECE/471,Electromagnetic Fields,U.A.Bakshi;A.V.Bakshi,Technical
KLNCIT/ECE/472,Electromagnetic Fields,U.A.Bakshi;A.V.Bakshi,Technical
KLNCIT/ECE/473,Electromagnetic Fields,U.A.Bakshi;A.V.Bakshi,Technical
KLNCIT/ECE/474,Electromagnetic Fields,U.A.Bakshi;A.V.Bakshi,Technical
KLNCIT/ECE/475,Linear Integrated Circuits,T.R.Ganesh Babu; B.Suseela,SCI Tech
KLNCIT/ECE/476,Linear Integrated Circuits,T.R.Ganesh Babu; B.Suseela,SCI Tech
KLNCIT/ECE/477,Linear Integrated Circuits,T.R.Ganesh Babu; B.Suseela,SCI Tech
KLNCIT/ECE/478,Linear Integrated Circuits,T.R.Ganesh Babu; B.Suseela,SCI Tech
KLNCIT/ECE/479,Linear Integrated Circuits,T.R.Ganesh Babu; B.Suseela,SCI Tech
KLNCIT/ECE/480,Electromagnetic Waves and Radiating Systems,Edward C.Jordan; Keith.G.Balmain,PHI
KLNCIT/ECE/481,Electromagnetic Waves and Radiating Systems,Edward C.Jordan; Keith.G.Balmain,PHI
KLNCIT/ECE/482,Electromagnetic Waves and Radiating Systems,Edward C.Jordan; Keith.G.Balmain,PHI
KLNCIT/ECE/483,Electromagnetic Waves and Radiating Systems,Edward C.Jordan; Keith.G.Balmain,PHI
KLNCIT/ECE/484,Electromagnetic Waves and Radiating Systems,Edward C.Jordan; Keith.G.Balmain,PHI
KLNCIT/ECE/485,Electromagnetic Fields,D.Sathaiah; M.Anitha,SCI Tech
KLNCIT/ECE/486,Electromagnetic Fields,D.Sathaiah; M.Anitha,SCI Tech
KLNCIT/ECE/487,Electromagnetic Fields,D.Sathaiah; M.Anitha,SCI Tech
KLNCIT/ECE/488,Electromagnetic Fields,D.Sathaiah; M.Anitha,SCI Tech
KLNCIT/ECE/489,Electromagnetic Fields,D.Sathaiah; M.Anitha,SCI Tech
KLNCIT/ECE/490,Solid State Circuits-I,S.Rama Reddy,SCI Tech
KLNCIT/ECE/491,Solid State Circuits-I,S.Rama Reddy,SCI Tech
KLNCIT/ECE/492,Solid State Circuits-I,S.Rama Reddy,SCI Tech
KLNCIT/ECE/493,Solid State Circuits-I,S.Rama Reddy,SCI Tech
KLNCIT/ECE/494,Solid State Circuits-I,S.Rama Reddy,SCI Tech
KLNCIT/ECE/495,Microprocessor and Micro Controller,R.Theagarajan,SCI Tech
KLNCIT/ECE/496,Microprocessor and Micro Controller,R.Theagarajan,SCI Tech
KLNCIT/ECE/497,MicroController and its Applications,R.Theagarajan,SCI Tech
KLNCIT/ECE/498,MicroController and its Applications,R.Theagarajan,SCI Tech
KLNCIT/ECE/499,Microwave Devices and Circuits,Samuel Y.Liao,PHI
KLNCIT/ECE/500,Microwave Devices and Circuits,Samuel Y.Liao,PHI
KLNCIT/ECE/501,Microwave Devices and Circuits,Samuel Y.Liao,PHI
KLNCIT/ECE/502,Integrated Electronics,Jacob Millman; Christos.C.Halkias,Tata McGraw-Hill
KLNCIT/ECE/503,Integrated Electronics,Jacob Millman; Christos.C.Halkias,Tata McGraw-Hill
KLNCIT/ECE/504,Integrated Electronics,Jacob Millman; Christos.C.Halkias,Tata McGraw-Hill
KLNCIT/ECE/505,Electronic Devices and Circuits,B.Sasikala; S.Poornachandra,SCI Tech
KLNCIT/ECE/506,Electronic Devices and Circuits,B.Sasikala; S.Poornachandra,SCI Tech
KLNCIT/ECE/507,Electronic Devices and Circuits,B.Sasikala; S.Poornachandra,SCI Tech
KLNCIT/ECE/508,Electronic Devices and Circuits,B.Sasikala; S.Poornachandra,SCI Tech
KLNCIT/ECE/509,Analog and Digital Communications,K.S.Srinivasan,Anuradha Agency
KLNCIT/ECE/510,Solid State Devices,K.Malarvizhi,SCI Tech
KLNCIT/ECE/511,Solid State Devices,K.Malarvizhi,SCI Tech
KLNCIT/ECE/512,Solid State Devices,K.Malarvizhi,SCI Tech
KLNCIT/ECE/513,Solid State Devices,K.Malarvizhi,SCI Tech
KLNCIT/ECE/514,Signals and Systems,S.Batmavathy Girivasan,Anuradha
KLNCIT/ECE/515,Electronic Communication Systems,Wayne Tomasi,Pearson Education
KLNCIT/ECE/516,Electronic Communication Systems,Wayne Tomasi,Pearson Education
KLNCIT/ECE/517,Antennas and Wave Propagation,U.A.Bakshi; A.V.Bakshi,Technical
KLNCIT/ECE/518,Antennas and Wave Propagation,U.A.Bakshi; A.V.Bakshi,Technical
KLNCIT/ECE/519,CMOS VLSI Design,Neil.H.E.Weste; David Harris Ayan Banerjee,Pearson Education
KLNCIT/ECE/520,Electronics and Microprocessors,A.P.Godse; D.A.Godse,Technical
KLNCIT/ECE/521,Electromagnetic Fields,T.V.S.Arun Murthy,S.Chand
KLNCIT/ECE/522,Electronic Circuits,U.A.Bakshi; A.P.Godse,Technical
KLNCIT/ECE/523,Antennas and Wave Propagation,A.Amsaveni,Anuradha
KLNCIT/ECE/524,Microprocessor and its applications,P.S.Manoharan,Charulatha
KLNCIT/ECE/525,Signals and Systems,S.Poornachandra; B.Sasikala,McGraw Hill
KLNCIT/ECE/526,Computer Networks,Andrew S.Tanenbaum,Pearson Education
KLNCIT/ECE/527,Computer Networks,Andrew S.Tanenbaum,Pearson Education
KLNCIT/ECE/528,Applied Cryptography,Bruice Schneier,Wiley India Edition
KLNCIT/ECE/529,Applied Cryptography,Bruice Schneier,Wiley India Edition
KLNCIT/ECE/530,Opto Electronics and Photonics,Safa.O.Kasap,Pearson Education
KLNCIT/ECE/531,Opto Electronics and Photonics,Safa.O.Kasap,Pearson Education
KLNCIT/ECE/532,Computer Networking,James.F.Kurose; Keith.W.Ross,Pearson Education
KLNCIT/ECE/533,Computer Networking,James.F.Kurose; Keith.W.Ross,Pearson Education
KLNCIT/ECE/534,Computer Networking,James.F.Kurose; Keith.W.Ross,Pearson Education
KLNCIT/ECE/535,Computer Networking,James.F.Kurose; Keith.W.Ross,Pearson Education
KLNCIT/ECE/536,Crytography and N/W Security,William Stallings,Pearson Education
KLNCIT/ECE/537,Crytography and N/W Security,William Stallings,Pearson Education
KLNCIT/ECE/538,Intro to Matlab & Simulink,O.Beucher&M.Weeks,Infinity Science Press
KLNCIT/ECE/539,Intro to Matlab & Simulink,O.Beucher&M.Weeks,Infinity Science Press
KLNCIT/ECE/540,Digital Logic applications and Design,John.M.Yarbrough,Cengage Learning
KLNCIT/ECE/541,Digital Logic applications and Design,John.M.Yarbrough,Cengage Learning
KLNCIT/ECE/542,Communication Electronics,Frenzel,Tata McGraw Hill Edition
KLNCIT/ECE/543,Communication Electronics,Frenzel,Tata McGraw Hill Edition
KLNCIT/ECE/544,Modern Semiconductor Devices foe Integrated Circuits,Chenming Calvin Hu,Pearson Education
KLNCIT/ECE/545,Modern Semiconductor Devices foe Integrated Circuits,Chenming Calvin Hu,Pearson Education
KLNCIT/ECE/546,Analog and Digital Communications,HP HSU,McGraw Hill Companies
KLNCIT/ECE/547,Analog and Digital Communications,HP HSU,McGraw Hill Companies
KLNCIT/ECE/548,Computer Organization,Carl Hamacher Zvonko Vranesic Safwat Zaky,International Edition
KLNCIT/ECE/549,Computer Organization,Carl Hamacher Zvonko Vranesic Safwat Zaky,International Edition
KLNCIT/ECE/550,Crytography and N/W Security,Atul Kahate,McGraw Hill Companies
KLNCIT/ECE/551,Crytography and N/W Security,Atul Kahate,McGraw Hill Companies
KLNCIT/ECE/552,Electronic Communications,Dennis Roddy Johen Coolen,Eastern Economy Edition
KLNCIT/ECE/553,Electronic Communications,Dennis Roddy Johen Coolen,Eastern Economy Edition
KLNCIT/ECE/554,Fundamentals of Communication Systems,John.G.Proakis; masoud Salehi,Pearson Education
KLNCIT/ECE/555,Fundamentals of Communication Systems,John.G.Proakis; masoud Salehi,Pearson Education
KLNCIT/ECE/556,Probability and Random Processes,Scott.L.Miller; Donald G.Childers,Elsevier
KLNCIT/ECE/557,Probability and Random Processes,Scott.L.Miller; Donald G.Childers,Elsevier
KLNCIT/ECE/558,Measurement Systems Application & Design,Ernest O Doebelin Dhanesh N.Manik,Special Tata McGraw Hill Companies
KLNCIT/ECE/559,Measurement Systems Application & Design,Ernest O Doebelin Dhanesh N.Manik,Special Tata McGraw Hill Companies
KLNCIT/ECE/560,Modern Control Systems,Richard C.Dorf Robert H.Bishop,Pearson Education
KLNCIT/ECE/561,Modern Control Systems,Richard C.Dorf Robert H.Bishop,Pearson Education
KLNCIT/ECE/562,Intro.; to System Design using Integrated Circuits,B.S.Soude,Newage International
KLNCIT/ECE/563,Intro.; to System Design using Integrated Circuits,B.S.Soude,Newage International
KLNCIT/ECE/564,Analysis and Design of Analog Integrated Ckts,Paul.R.Gray; Paul.J.Hurst; Stephen.H.Lewis & Robert G.Meyer,Wiley India Edition
KLNCIT/ECE/565,Analysis and Design of Analog Integrated Ckts,Paul.R.Gray; Paul.J.Hurst; Stephen.H.Lewis & Robert G.Meyer,Wiley India Edition
KLNCIT/ECE/566,Feedback and Control Systems,Joseph J.Distefano; III Allen.R.Stubberud; Ivan.J.Williams,McGraw Hill Companies
KLNCIT/ECE/567,Feedback and Control Systems,Joseph J.Distefano; III Allen.R.Stubberud; Ivan.J.Williams,McGraw Hill Companies
KLNCIT/ECE/568,Electronic Communications Systems,Wayne Tomasi,Pearson Education
KLNCIT/ECE/569,Electronic Communications Systems,Wayne Tomasi,Pearson Education
KLNCIT/ECE/570,Digital Communications,John.G.Proakis; Masad Salehi,McGraw Hill International Edition
KLNCIT/ECE/571,Digital Communications,John.G.Proakis; Masad Salehi,McGraw Hill International Edition
KLNCIT/ECE/572,Taub?s Principles of Communication Systems,Herbert Taub; Donald L.Schilling; Goutam Saha,McGraw Hill Companies
KLNCIT/ECE/573,Taub?s Principles of Communication Systems,Herbert Taub; Donald L.Schilling; Goutam Saha,McGraw Hill Companies
KLNCIT/ECE/574,Taub?s Principles of Communication Systems,Herbert Taub; Donald L.Schilling; Goutam Saha,McGraw Hill Companies
KLNCIT/ECE/575,Taub?s Principles of Communication Systems,Herbert Taub; Donald L.Schilling; Goutam Saha,McGraw Hill Companies
KLNCIT/ECE/576,Design with operational amplifiers and Analog Integrated Circuits,Sergio Franco,Tata McGraw Hill Edition
KLNCIT/ECE/577,Design with operational amplifiers and Analog Integrated Circuits,Sergio Franco,Tata McGraw Hill Edition
KLNCIT/ECE/578,Elements of Electronic Instrumentation & Measurement(1ed),Joseph.J.Carr,Pearson Education
KLNCIT/ECE/579,Elements of Electronic Instrumentation & Measurement(1ed),Joseph.J.Carr,Pearson Education
KLNCIT/ECE/580,Data Communications & Networking(2ed),Forouzan,Tata McGraw hill
KLNCIT/ECE/581,Data Communications & Networking(2ed),Forouzan,Tata McGraw hill
KLNCIT/ECE/582,The Intel Microprocessors(8ed),Barry B.Brey,Pearson Education
KLNCIT/ECE/583,The Intel Microprocessors(8ed),Barry B.Brey,Pearson Education
KLNCIT/ECE/584,Milluans Pulse; Digital and Switching wave forms(2ed),Jacob Millman; Herbert Taub; Mothikis Prakash Rao,Tata McGraw Hill
KLNCIT/ECE/585,Data and Computer Communications,William Stallings,Pearson Education
KLNCIT/ECE/586,Data and Computer Communications,William Stallings,Pearson Education
KLNCIT/ECE/587,Data and Computer Communications,William Stallings,Pearson Education
KLNCIT/ECE/588,Data and Computer Communications,William Stallings,Pearson Education
KLNCIT/ECE/589,Introduction to VLSI circuits and systems with cd,John.P.Wyemura,Wiley India Edition
KLNCIT/ECE/590,Introduction to VLSI circuits and systems with cd,John.P.Wyemura,Wiley India Edition
KLNCIT/ECE/591,Communication Systems(8ed),Simon Haykin,Wiley India Edition
KLNCIT/ECE/592,Communication Systems(8ed),Simon Haykin,Wiley India Edition
KLNCIT/ECE/593,Introduction to Telecommunication Voice; Data and the Internet(2ed),Marion Cole,Pearson Education
KLNCIT/ECE/594,Introduction to Telecommunication Voice; Data and the Internet(2ed),Marion Cole,Pearson Education
KLNCIT/ECE/595,Modern VLSI Design IP-Based Design(4ed),Wayne Wolf,PHI
KLNCIT/ECE/596,Modern VLSI Design IP-Based Design(4ed),Wayne Wolf,PHI
KLNCIT/ECE/597,Electronic Devices and Circuit Theory(10ed),Robert L.Boylested; Louis Nashelsky,Pearson Education
KLNCIT/ECE/598,Electronic Devices and Circuit Theory(10ed),Robert L.Boylested; Louis Nashelsky,Pearson Education
KLNCIT/ECE/599,Security in Computing(4ed),Charles P.Pfleeger; Shari law Rence Pfleeger; Deven N.Shah,Pearson Edition
KLNCIT/ECE/600,Security in Computing(4ed),Charles P.Pfleeger; Shari law Rence Pfleeger; Deven N.Shah,Pearson Edition
KLNCIT/ECE/601,Control Systems Principles and Design(3ed),M.Gopal,Tata McGraw Hill
KLNCIT/ECE/602,Control Systems Principles and Design(3ed),M.Gopal,Tata McGraw Hill
KLNCIT/ECE/603,Electromagnetic Waves and Radiating Systems(2ed),Edward C.Jordan Keith G.Balmain,Pearson Education
KLNCIT/ECE/604,Electromagnetic Waves and Radiating Systems(2ed),Edward C.Jordan Keith G.Balmain,Pearson Education
KLNCIT/ECE/605,Electromagnetic Waves and Radiating Systems(2ed),Edward C.Jordan Keith G.Balmain,Pearson Education
KLNCIT/ECE/606,Electromagnetic Waves and Radiating Systems(2ed),Edward C.Jordan Keith G.Balmain,Pearson Education
KLNCIT/ECE/607,Micro Computer systems the 8086/8088 family Architecture; Programming & Design(2ed),Yu-Chenglui Glenn A.Gibson,Pearson Prentice Hall
KLNCIT/ECE/608,Micro Computer systems the 8086/8088 family Architecture; Programming & Design(2ed),Yu-Chenglui Glenn A.Gibson,Pearson Prentice Hall
KLNCIT/ECE/609,IBM? PC assembly language and programming(5ed),Peter Abel,PHI
KLNCIT/ECE/610,IBM? PC assembly language and programming(5ed),Peter Abel,PHI
KLNCIT/ECE/611,Control Systems Engineering(5ed),L.J.Nagrath; M.Gopal,New Age Techno Press
KLNCIT/ECE/612,Control Systems Engineering(5ed),L.J.Nagrath; M.Gopal,New Age Techno Press
KLNCIT/ECE/613,Fundamentals of logic design(5ed),Charless H.Roth.Jr.,Brooks I cole cengage learning
KLNCIT/ECE/614,Fundamentals of logic design(5ed),Charless H.Roth.Jr.,Brooks I cole cengage learning
KLNCIT/ECE/615,Electronic Circuits,Donald L.Sshilling; Charles Belove,Tata Mc.GrawHill
KLNCIT/ECE/616,Electronic Circuits,Donald L.Sshilling; Charles Belove,Tata Mc.GrawHill
KLNCIT/ECE/617,Data Communications & Networking(4ed),Behrouz.A.; Forouzan,Tata Mc.GrawaHill
KLNCIT/ECE/618,Advanced P and Peripherals,Akray.K.M.Bhurchandi,Tata Mc.GrawHill
KLNCIT/ECE/619,Advanced P and Peripherals,Akray.K.M.Bhurchandi,Tata Mc.GrawHill
KLNCIT/ECE/620,Micro Electronic ckts.;(5ed),Adel.S.Sedra; Kenneth.C.Smith,Oxford
KLNCIT/ECE/621,Micro Electronic ckts.;(5ed),Adel.S.Sedra; Kenneth.C.Smith,Oxford
KLNCIT/ECE/622,Principles of Measurement S/ms(3ed),John.P.Bentley,Pearson
KLNCIT/ECE/623,Field and wave Electromagnetics(2ed),David.K.Cheng,Pearson
KLNCIT/ECE/624,Field and wave Electromagnetics(2ed),David.K.Cheng,Pearson
KLNCIT/ECE/625,Digital Signal Processing,Andreas Antoniou,Tata Mc.Hill
KLNCIT/ECE/626,Digital Signal Processing,Andreas Antoniou,Tata Mc.Hill
KLNCIT/ECE/627,Digital Communications,Simon Haykin,WSE; Wiley
KLNCIT/ECE/628,Digital Communications,Simon Haykin,WSE; Wiley
KLNCIT/ECE/629,Probability; Random var.; & Random signal principles(4ed),Peytonz Peebles.JR.,Tata Mc.Hill
KLNCIT/ECE/630,Probability; Random var.; & Random signal principles(4ed),Peytonz Peebles.JR.,Tata Mc.Hill
KLNCIT/ECE/631,Principles of Electromagnetics(4ed),Matthew.N.O.Sadiku,Oxford
KLNCIT/ECE/632,Principles of Electromagnetics(4ed),Matthew.N.O.Sadiku,Oxford
KLNCIT/ECE/633,Managing quality concepts & Tasks,N.S.Sreenivasan; V.Narayana,New Age
KLNCIT/ECE/634,Managing quality concepts & Tasks,N.S.Sreenivasan; V.Narayana,New Age
KLNCIT/ECE/635,Wireless Communication Technology,Blake,IE Pelmar; Cengage learning
KLNCIT/ECE/636,Wireless Communication Technology,Blake,IE Pelmar; Cengage learning
KLNCIT/ECE/637,CMOS VLSI Design(3ed),Neil.H.E.Weste; David Harris; Ayan Banerjee,Pearson
KLNCIT/ECE/638,CMOS VLSI Design(3ed),Neil.H.E.Weste; David Harris; Ayan Banerjee,Pearson
KLNCIT/ECE/639,The 8051 C and Embedded S/ms(2ed),Mohammead Ali Mazidi; Janice Gillipie Mazidi; Rolin D.Mc.Kinlay,Pearson
KLNCIT/ECE/640,The 8051 C and Embedded S/ms(2ed),Mohammead Ali Mazidi; Janice Gillipie Mazidi; Rolin D.Mc.Kinlay,Pearson
KLNCIT/ECE/641,The 8051 C and Embedded S/ms(2ed),Mohammead Ali Mazidi; Janice Gillipie Mazidi; Rolin D.Mc.Kinlay,Pearson
KLNCIT/ECE/642,The 8051 C and Embedded S/ms(2ed),Mohammead Ali Mazidi; Janice Gillipie Mazidi; Rolin D.Mc.Kinlay,Pearson
KLNCIT/ECE/643,Digital Design Principles & Practices(4ed),John.F.Wakerly,Pearson
KLNCIT/ECE/644,Digital Design Principles & Practices(4ed),John.F.Wakerly,Pearson
KLNCIT/ECE/645,Digital Design Principles & Practices(4ed),John.F.Wakerly,Pearson
KLNCIT/ECE/646,Engineering circuit Analysis(6ed),Hayt; Kemmerly durbin,Tata Mc.Hill
KLNCIT/ECE/647,Engineering circuit Analysis(6ed),Hayt; Kemmerly durbin,Tata Mc.Hill
KLNCIT/ECE/648,Digital Communications fundamentals & appliances,Bernard Sklar; Pabitrakumar ray,Pearson
KLNCIT/ECE/649,Digital Communications fundamentals & appliances,Bernard Sklar; Pabitrakumar ray,Pearson
KLNCIT/ECE/650,Digital Communications fundamentals & appliances,Bernard Sklar; Pabitrakumar ray,Pearson
KLNCIT/ECE/651,Digital Communications fundamentals & appliances,Bernard Sklar; Pabitrakumar ray,Pearson
KLNCIT/ECE/652,TQM(3ed),Dale.H.Besterfield; Carol Besterfield; Glen.H.Besterfield; Mary.H.Sacre,Pearson
KLNCIT/ECE/653,TQM(3ed),Dale.H.Besterfield; Carol Besterfield; Glen.H.Besterfield; Mary.H.Sacre,Pearson
KLNCIT/ECE/654,LIC(3ed),D.Roy Choudhury; Shail.B.Jain,New Age
KLNCIT/ECE/655,LIC(3ed),D.Roy Choudhury; Shail.B.Jain,New Age
KLNCIT/ECE/656,Fundamentals of Applied Probability & Random Processes,Oliver.C.Ibe,Elsevier
KLNCIT/ECE/657,Fundamentals of Applied Probability & Random Processes,Oliver.C.Ibe,Elsevier
KLNCIT/ECE/658,Modern Electronic Instruments & Measurement Techniques,Albert.D.helfrick; William.D.Cooper,Pearson
KLNCIT/ECE/659,Modern Electronic Instruments & Measurement Techniques,Albert.D.helfrick; William.D.Cooper,Pearson
KLNCIT/ECE/660,P and Interfacing,Douglas.V.Hall,Tata Mc.Hill
KLNCIT/ECE/661,P and Interfacing,Douglas.V.Hall,Tata Mc.Hill
KLNCIT/ECE/662,Comprehensive Linear and Digital IC design,A.Sudhakar,LP
KLNCIT/ECE/663,Comprehensive Linear and Digital IC design,A.Sudhakar,LP
KLNCIT/ECE/664,Computer Organization and Architecture(7ed),William Stallings,Pearson
KLNCIT/ECE/665,Computer Organization and Architecture(7ed),William Stallings,Pearson
KLNCIT/ECE/666,Computer Organization and Design(4ed),David.A.Patterson; John.L.Hennessy,ARM; Morgan Kaufmann
KLNCIT/ECE/667,Computer Organization and Design(4ed),David.A.Patterson; John.L.Hennessy,ARM; Morgan Kaufmann
KLNCIT/ECE/668,Modern Digital and Analog Communication,B.P.Lathi; Zhiding,Oxford
KLNCIT/ECE/669,Modern Digital and Analog Communication,B.P.Lathi; Zhiding,Oxford
KLNCIT/ECE/670,Basic VLSI Design,Douglas.A.Pucknell; Kamran Eshraghian,PHI
KLNCIT/ECE/671,Basic VLSI Design,Douglas.A.Pucknell; Kamran Eshraghian,PHI
KLNCIT/ECE/672,The 8051 C(3ed),Ayala,India Edition Delmar Cengage Learning
KLNCIT/ECE/673,The 8051 C(3ed),Ayala,India Edition Delmar Cengage Learning
KLNCIT/ECE/674,A various HDC Primer(3ed),J.Bhaskar,BS public
KLNCIT/ECE/675,A various HDC Primer(3ed),J.Bhaskar,BS public
KLNCIT/ECE/676,Op-amps and LIC(4ed),Ramakant.A; Gayakwad,Pearson
KLNCIT/ECE/677,Op-amps and LIC(4ed),Ramakant.A; Gayakwad,Pearson
KLNCIT/ECE/678,Computer Network a system approach(4ed),Lamy.L.Peterson; Bruk.S.David,Peterson David
KLNCIT/ECE/679,Computer Network a system approach(4ed),Lamy.L.Peterson; Bruk.S.David,Peterson David
KLNCIT/ECE/680,Antennas for all applications(3ed),John.D.Kraws; Ronald.J.Marhiflee; Ahamed.S.Khan,Tata Mc.Graw Hill
KLNCIT/ECE/681,Antennas for all applications(3ed),John.D.Kraws; Ronald.J.Marhiflee; Ahamed.S.Khan,Tata Mc.Graw Hill
KLNCIT/ECE/682,Engineering Electromagnetics,W.H.Hayt; J.A.Bulk,Tata Mc Graw Hill
KLNCIT/ECE/683,Engineering Electromagnetics,W.H.Hayt; J.A.Bulk,Tata Mc Graw Hill
KLNCIT/ECE/684,Antenna Theory(2ed),Constantine.A.,Wiley
KLNCIT/ECE/685,Antenna Theory(2ed),Constantine.A.,Wiley
KLNCIT/ECE/686,P Architecture; Programming and Applications,Ramesh; Gaonkas,Penram
KLNCIT/ECE/687,P Architecture; Programming and Applications,Ramesh; Gaonkas,Penram
KLNCIT/ECE/688,An introduction to the principles of digital communications,N.B.Chakarabarti; A.K.Datta,New Age
KLNCIT/ECE/689,An introduction to the principles of digital communications,N.B.Chakarabarti; A.K.Datta,New Age
KLNCIT/ECE/690,Advanced P and Peripherals,A.K.Ray; K.M.Bhuruchandi,Tata Mc.Graw hill
KLNCIT/ECE/691,Advanced P and Peripherals,A.K.Ray; K.M.Bhuruchandi,Tata Mc.Graw hill
KLNCIT/ECE/692,The 8086/88 family Design; Programming and Interfacing,John.Uflen beck,PHI
KLNCIT/ECE/693,The 8086/88 family Design; Programming and Interfacing,John.Uflen beck,PHI
KLNCIT/ECE/694,P theory and applications; Intel and Motorola,M.Raffi Guzzaman,PHI
KLNCIT/ECE/695,P theory and applications; Intel and Motorola,M.Raffi Guzzaman,PHI
KLNCIT/ECE/696,Digital Systems(10ed),Ronald.J.Tocel; Neal.S.Widmer; Gresoey.L.Moy,Pearson
KLNCIT/ECE/697,Digital Systems(10ed),Ronald.J.Tocel; Neal.S.Widmer; Gresoey.L.Moy,Pearson
KLNCIT/ECE/698,Computer Architecture and Organization,John.P.Hajes,Tata Mc.Graw Hill
KLNCIT/ECE/699,Computer Architecture and Organization,John.P.Hajes,Tata Mc.Graw Hill
KLNCIT/ECE/700,Fundamentals of N/W Security ,Eric.Maiwald,Dream Tech.
KLNCIT/ECE/701,Fundamentals of N/W Security ,Eric.Maiwald,Dream Tech.
KLNCIT/ECE/702,Pulse Digital and Switching Waveforms,Jacob Millman; Hermet taub; Mothiki.S.Prakash Raw,Tata Mc.Graw Hill
KLNCIT/ECE/703,Elements of Engineering Electromagnetics,Nannapanen?s; Narayanaraw,PHI
KLNCIT/ECE/704,Digital Design(4ed),John Warcely,PHI
KLNCIT/ECE/705,Probability Random variables and Random Process,Hwei.HSG,Tata Mc.Graw Hill
KLNCIT/ECE/706,Data Communication and Networking(4ed),Behorouz.A; Fourozan,Tata Mc.Graw Hill
KLNCIT/ECE/707,Principles of measurement systems,John.P.Bentley,PHI
KLNCIT/ECE/708,Advanced Communication Lab Manual,Dr.Preeta Sharan,University Science Press
KLNCIT/ECE/709,Advanced Communication Lab Manual,Dr.Preeta Sharan,University Science Press
KLNCIT/ECE/710,Additional Chapters for EC-II,AU-T,
KLNCIT/ECE/711,Electronics Circuits-II,A.P.Godse; U.A.Bhakshi,Technical
KLNCIT/ECE/712,Electric circuits and Electron Devices,Dr.K.Bommaraja; Dr.S.Sasikumar,Sri Krishna
KLNCIT/ECE/713,Linear Integrated Circuits,U.A.Bhakshi; A.P.Godse; A.V.Bakshi,Technical
KLNCIT/ECE/714,Linear Integrated Circuits,U.A.Bhakshi; A.P.Godse; A.V.Bakshi,Technical
KLNCIT/ECE/715,P and C,P.S.Manoharan,Charulatha
KLNCIT/ECE/716,Digital Logic Circuits,A.P.Godse; D.A.Godse,Technical
KLNCIT/ECE/717,Electromagnetic fields,U.A.Bakshi; A.V.Bakshi,Technical
KLNCIT/ECE/718,Communcaitions Theory,Dr.J.S.Chithode,Technical
KLNCIT/ECE/719,The Intel Microprocessors Architecture Programming and Interfacing,B.Brey,PHI
KLNCIT/ECE/720,The Intel Microprocessors Architecture Programming and Interfacing,Bary.B.Brey,PHI
KLNCIT/ECE/721,The Intel Microprocessors Architecture Programming and Interfacing,Bary.B.Brey,PHI
KLNCIT/ECE/722,The Intel Microprocessors Architecture Programming and Interfacing,Bary.B.Brey,PHI
KLNCIT/ECE/723,The Intel Microprocessors Architecture Programming and Interfacing,Bary.B.Brey,PHI
KLNCIT/ECE/724,Optical Fiber Communications Principles and Practice,John.M.Senior,PHI
KLNCIT/ECE/725,Optical Fiber Communications Principles and Practice,John.M.Senior,PHI
KLNCIT/ECE/726,Optical Fiber Communications Principles and Practice,John.M.Senior,PHI
KLNCIT/ECE/727,Wireless Communication and Networks,William Stallings,PHI
KLNCIT/ECE/728,Wireless Communication and Networks,William Stallings,PHI
KLNCIT/ECE/729,Wireless Communication and Networks,William Stallings,PHI
KLNCIT/ECE/730,Wireless Communication and Networks,William Stallings,PHI
KLNCIT/ECE/731,Wireless Communication and Networks,William Stallings,PHI
KLNCIT/ECE/732,Op-amps and linear Integrated Circuits,Ramakant A.Gayakwad,PHI
KLNCIT/ECE/733,Modern VLSI Design,Wayne Woet,PHI
KLNCIT/ECE/734,Modern VLSI Design,Wayne Woet,PHI
KLNCIT/ECE/735,Modern VLSI Design,Wayne Woet,PHI
KLNCIT/ECE/736,Modern VLSI Design,Wayne Woet,PHI
KLNCIT/ECE/737,Modern VLSI Design,Wayne Woet,PHI
KLNCIT/ECE/738,Power System Analysis,K.B.Hemalatha; S.D.Jayachrista,Scitech
KLNCIT/ECE/739,Power System Analysis,K.B.Hemalatha; S.D.Jayachrista,Scitech
KLNCIT/ECE/740,Power System Analysis,K.B.Hemalatha; S.D.Jayachrista,Scitech
KLNCIT/ECE/741,Power System Analysis,K.B.Hemalatha; S.D.Jayachrista,Scitech
KLNCIT/ECE/742,Power System Analysis,K.B.Hemalatha; S.D.Jayachrista,Scitech
KLNCIT/ECE/743,Op-Amps & Linear Integrated Circuits(4ed),Ramakant.A.Gayakwad,Pearson Education
KLNCIT/ECE/744,Op-Amps & Linear Integrated Circuits(4ed),Ramakant.A.Gayakwad,Pearson Education
KLNCIT/ECE/745,Op-Amps & Linear Integrated Circuits(4ed),Ramakant.A.Gayakwad,Pearson Education
KLNCIT/ECE/746,Power Electronics,N.Senthil Kumar; S.Jeevananthan; S.Palanivel Rajan,Scitech
KLNCIT/ECE/747,Power Electronics,N.Senthil Kumar; S.Jeevananthan; S.Palanivel Rajan,Scitech
KLNCIT/ECE/748,Power Electronics,N.Senthil Kumar; S.Jeevananthan; S.Palanivel Rajan,Scitech
KLNCIT/ECE/749,Power Electronics,N.Senthil Kumar; S.Jeevananthan; S.Palanivel Rajan,Scitech
KLNCIT/ECE/750,Power Electronics,N.Senthil Kumar; S.Jeevananthan; S.Palanivel Rajan,Scitech
KLNCIT/ECE/751,Power System Operation & Control,S.Ramar; P.Selvam,Scitech
KLNCIT/ECE/752,Power System Operation & Control,S.Ramar; P.Selvam,Scitech
KLNCIT/ECE/753,Power System Operation & Control,S.Ramar; P.Selvam,Scitech
KLNCIT/ECE/754,Power System Operation & Control,S.Ramar; P.Selvam,Scitech
KLNCIT/ECE/755,Power System Operation & Control,S.Ramar; P.Selvam,Scitech
KLNCIT/ECE/756,Digital Communications ,Simon Haykin,Wiley &sons
KLNCIT/ECE/757,Digital Communications ,Simon Haykin,Wiley &sons
KLNCIT/ECE/758,Digital Communications ,Simon Haykin,Wiley &sons
KLNCIT/ECE/759,Digital Communications ,Simon Haykin,Wiley &sons
KLNCIT/ECE/760,Digital Communications ,Simon Haykin,Wiley &sons
KLNCIT/ECE/761,Digital Communications,J.S.Chitode,Technical
KLNCIT/ECE/762,Digital Communications,J.S.Chitode,Technical
KLNCIT/ECE/763,Digital Communications,J.S.Chitode,Technical
KLNCIT/ECE/764,Digital Communications,CH. Kranthi Rekha,Scitech
KLNCIT/ECE/765,Digital Communications,CH. Kranthi Rekha,Scitech
KLNCIT/ECE/766,Digital Communications,CH. Kranthi Rekha,Scitech
KLNCIT/ECE/767,Digital Communications,CH. Kranthi Rekha,Scitech
KLNCIT/ECE/768,Digital Communications,CH. Kranthi Rekha,Scitech
KLNCIT/ECE/769,Antennas for all applications,John D Kraus,TATA mc Graw Hill
KLNCIT/ECE/770,Antenna and Wave Propagation,K.D.Prasad,Sathya Prakasan
KLNCIT/ECE/771,Antenna and Wave Propagation,K.D.Prasad,Sathya Prakasan
KLNCIT/ECE/772,Antenna and Wave Propagation,K.D.Prasad,Sathya Prakasan
KLNCIT/ECE/773,Electrical and Electronic Measurements & Instrumentation,R.K.Rajput,S.Chand
KLNCIT/ECE/774,BioMedical Instrumentation,Leslie cromwell,EEE
