KLNCIT/ECE/01,IN,01/04/2012,~,~
KLNCIT/ECE/02,IN,01/04/2012,~,~
KLNCIT/ECE/03,IN,01/04/2012,~,~
KLNCIT/ECE/04,IN,01/04/2012,~,~
KLNCIT/ECE/05,IN,01/04/2012,~,~
KLNCIT/ECE/06,IN,01/04/2012,~,~
KLNCIT/ECE/07,IN,01/04/2012,~,~
KLNCIT/ECE/08,IN,01/04/2012,~,~
KLNCIT/ECE/09,IN,01/04/2012,~,~
KLNCIT/ECE/10,IN,01/04/2012,~,~
KLNCIT/ECE/11,IN,01/04/2012,~,~
KLNCIT/ECE/12,IN,01/04/2012,~,~
KLNCIT/ECE/13,OUT,6/5/2012,10435005,
KLNCIT/ECE/14,IN,01/04/2012,~,~
KLNCIT/ECE/15,IN,01/04/2012,~,~
KLNCIT/ECE/16,IN,01/04/2012,~,~
KLNCIT/ECE/17,IN,01/04/2012,~,~
KLNCIT/ECE/18,IN,01/04/2012,~,~
KLNCIT/ECE/19,IN,01/04/2012,~,~
KLNCIT/ECE/20,IN,01/04/2012,~,~
KLNCIT/ECE/21,IN,01/04/2012,~,~
KLNCIT/ECE/22,IN,01/04/2012,~,~
KLNCIT/ECE/23,IN,01/04/2012,~,~
KLNCIT/ECE/24,IN,01/04/2012,~,~
KLNCIT/ECE/25,IN,01/04/2012,~,~
KLNCIT/ECE/26,IN,01/04/2012,~,~
KLNCIT/ECE/27,IN,01/04/2012,~,~
KLNCIT/ECE/28,IN,01/04/2012,~,~
KLNCIT/ECE/29,IN,01/04/2012,~,~
KLNCIT/ECE/30,IN,01/04/2012,~,~
KLNCIT/ECE/31,IN,01/04/2012,~,~
KLNCIT/ECE/32,IN,01/04/2012,~,~
KLNCIT/ECE/33,IN,01/04/2012,~,~
KLNCIT/ECE/34,IN,01/04/2012,~,~
KLNCIT/ECE/35,IN,01/04/2012,~,~
KLNCIT/ECE/36,IN,01/04/2012,~,~
KLNCIT/ECE/37,IN,01/04/2012,~,~
KLNCIT/ECE/38,IN,01/04/2012,~,~
KLNCIT/ECE/39,IN,01/04/2012,~,~
KLNCIT/ECE/40,IN,01/04/2012,~,~
KLNCIT/ECE/41,IN,01/04/2012,~,~
KLNCIT/ECE/42,IN,01/04/2012,~,~
KLNCIT/ECE/43,IN,01/04/2012,~,~
KLNCIT/ECE/44,IN,01/04/2012,~,~
KLNCIT/ECE/45,IN,01/04/2012,~,~
KLNCIT/ECE/46,IN,01/04/2012,~,~
KLNCIT/ECE/47,IN,01/04/2012,~,~
KLNCIT/ECE/48,IN,01/04/2012,~,~
KLNCIT/ECE/49,IN,01/04/2012,~,~
KLNCIT/ECE/50,IN,01/04/2012,~,~
KLNCIT/ECE/51,IN,01/04/2012,~,~
KLNCIT/ECE/52,IN,01/04/2012,~,~
KLNCIT/ECE/53,IN,01/04/2012,~,~
KLNCIT/ECE/54,IN,01/04/2012,~,~
KLNCIT/ECE/55,IN,01/04/2012,~,~
KLNCIT/ECE/56,IN,01/04/2012,~,~
KLNCIT/ECE/57,IN,01/04/2012,~,~
KLNCIT/ECE/58,IN,01/04/2012,~,~
KLNCIT/ECE/59,IN,01/04/2012,~,~
KLNCIT/ECE/60,IN,01/04/2012,~,~
KLNCIT/ECE/61,IN,01/04/2012,~,~
KLNCIT/ECE/62,IN,01/04/2012,~,~
KLNCIT/ECE/63,IN,01/04/2012,~,~
KLNCIT/ECE/64,IN,01/04/2012,~,~
KLNCIT/ECE/65,IN,01/04/2012,~,~
KLNCIT/ECE/66,IN,01/04/2012,~,~
KLNCIT/ECE/67,IN,01/04/2012,~,~
KLNCIT/ECE/68,IN,01/04/2012,~,~
KLNCIT/ECE/69,IN,01/04/2012,~,~
KLNCIT/ECE/70,IN,01/04/2012,~,~
KLNCIT/ECE/71,IN,01/04/2012,~,~
KLNCIT/ECE/72,IN,01/04/2012,~,~
KLNCIT/ECE/73,IN,01/04/2012,~,~
KLNCIT/ECE/74,IN,01/04/2012,~,~
KLNCIT/ECE/75,IN,01/04/2012,~,~
KLNCIT/ECE/76,IN,01/04/2012,~,~
KLNCIT/ECE/77,IN,01/04/2012,~,~
KLNCIT/ECE/78,IN,01/04/2012,~,~
KLNCIT/ECE/79,IN,01/04/2012,~,~
KLNCIT/ECE/80,IN,01/04/2012,~,~
KLNCIT/ECE/81,IN,01/04/2012,~,~
KLNCIT/ECE/82,IN,01/04/2012,~,~
KLNCIT/ECE/83,IN,01/04/2012,~,~
KLNCIT/ECE/84,IN,01/04/2012,~,~
KLNCIT/ECE/85,IN,01/04/2012,~,~
KLNCIT/ECE/86,IN,01/04/2012,~,~
KLNCIT/ECE/87,IN,01/04/2012,~,~
KLNCIT/ECE/88,IN,01/04/2012,~,~
KLNCIT/ECE/89,IN,01/04/2012,~,~
KLNCIT/ECE/90,IN,01/04/2012,~,~
KLNCIT/ECE/91,IN,01/04/2012,~,~
KLNCIT/ECE/92,IN,01/04/2012,~,~
KLNCIT/ECE/93,IN,01/04/2012,~,~
KLNCIT/ECE/94,IN,01/04/2012,~,~
KLNCIT/ECE/95,IN,01/04/2012,~,~
KLNCIT/ECE/96,IN,01/04/2012,~,~
KLNCIT/ECE/97,IN,01/04/2012,~,~
KLNCIT/ECE/98,IN,01/04/2012,~,~
KLNCIT/ECE/99,IN,01/04/2012,~,~
KLNCIT/ECE/100,IN,01/04/2012,~,~
KLNCIT/ECE/101,IN,01/04/2012,~,~
KLNCIT/ECE/102,IN,01/04/2012,~,~
KLNCIT/ECE/103,IN,01/04/2012,~,~
KLNCIT/ECE/104,IN,01/04/2012,~,~
KLNCIT/ECE/105,IN,01/04/2012,~,~
KLNCIT/ECE/106,IN,01/04/2012,~,~
KLNCIT/ECE/107,IN,01/04/2012,~,~
KLNCIT/ECE/108,IN,01/04/2012,~,~
KLNCIT/ECE/109,IN,01/04/2012,~,~
KLNCIT/ECE/110,IN,01/04/2012,~,~
KLNCIT/ECE/111,IN,01/04/2012,~,~
KLNCIT/ECE/112,IN,01/04/2012,~,~
KLNCIT/ECE/113,IN,01/04/2012,~,~
KLNCIT/ECE/114,IN,01/04/2012,~,~
KLNCIT/ECE/115,IN,01/04/2012,~,~
KLNCIT/ECE/116,IN,01/04/2012,~,~
KLNCIT/ECE/117,IN,01/04/2012,~,~
KLNCIT/ECE/118,IN,01/04/2012,~,~
KLNCIT/ECE/119,IN,01/04/2012,~,~
KLNCIT/ECE/120,IN,01/04/2012,~,~
KLNCIT/ECE/121,IN,01/04/2012,~,~
KLNCIT/ECE/122,IN,01/04/2012,~,~
KLNCIT/ECE/123,IN,01/04/2012,~,~
KLNCIT/ECE/124,IN,01/04/2012,~,~
KLNCIT/ECE/125,IN,01/04/2012,~,~
KLNCIT/ECE/126,IN,01/04/2012,~,~
KLNCIT/ECE/127,IN,01/04/2012,~,~
KLNCIT/ECE/128,IN,01/04/2012,~,~
KLNCIT/ECE/129,IN,01/04/2012,~,~
KLNCIT/ECE/130,IN,01/04/2012,~,~
KLNCIT/ECE/131,IN,01/04/2012,~,~
KLNCIT/ECE/132,IN,01/04/2012,~,~
KLNCIT/ECE/133,IN,01/04/2012,~,~
KLNCIT/ECE/134,IN,01/04/2012,~,~
KLNCIT/ECE/135,IN,01/04/2012,~,~
KLNCIT/ECE/136,IN,01/04/2012,~,~
KLNCIT/ECE/137,IN,01/04/2012,~,~
KLNCIT/ECE/138,IN,01/04/2012,~,~
KLNCIT/ECE/139,IN,01/04/2012,~,~
KLNCIT/ECE/140,IN,01/04/2012,~,~
KLNCIT/ECE/141,IN,01/04/2012,~,~
KLNCIT/ECE/142,IN,01/04/2012,~,~
KLNCIT/ECE/143,IN,01/04/2012,~,~
KLNCIT/ECE/144,IN,01/04/2012,~,~
KLNCIT/ECE/145,IN,01/04/2012,~,~
KLNCIT/ECE/146,IN,01/04/2012,~,~
KLNCIT/ECE/147,IN,01/04/2012,~,~
KLNCIT/ECE/148,IN,01/04/2012,~,~
KLNCIT/ECE/149,IN,01/04/2012,~,~
KLNCIT/ECE/150,IN,01/04/2012,~,~
KLNCIT/ECE/151,IN,01/04/2012,~,~
KLNCIT/ECE/152,IN,01/04/2012,~,~
KLNCIT/ECE/153,IN,01/04/2012,~,~
KLNCIT/ECE/154,IN,01/04/2012,~,~
KLNCIT/ECE/155,IN,01/04/2012,~,~
KLNCIT/ECE/156,IN,01/04/2012,~,~
KLNCIT/ECE/157,IN,01/04/2012,~,~
KLNCIT/ECE/158,IN,01/04/2012,~,~
KLNCIT/ECE/159,IN,01/04/2012,~,~
KLNCIT/ECE/160,IN,01/04/2012,~,~
KLNCIT/ECE/161,IN,01/04/2012,~,~
KLNCIT/ECE/162,IN,01/04/2012,~,~
KLNCIT/ECE/163,IN,01/04/2012,~,~
KLNCIT/ECE/164,IN,01/04/2012,~,~
KLNCIT/ECE/165,IN,01/04/2012,~,~
KLNCIT/ECE/166,IN,01/04/2012,~,~
KLNCIT/ECE/167,IN,01/04/2012,~,~
KLNCIT/ECE/168,IN,01/04/2012,~,~
KLNCIT/ECE/169,IN,01/04/2012,~,~
KLNCIT/ECE/170,IN,01/04/2012,~,~
KLNCIT/ECE/171,IN,01/04/2012,~,~
KLNCIT/ECE/172,IN,01/04/2012,~,~
KLNCIT/ECE/173,IN,01/04/2012,~,~
KLNCIT/ECE/174,IN,01/04/2012,~,~
KLNCIT/ECE/175,IN,01/04/2012,~,~
KLNCIT/ECE/176,IN,01/04/2012,~,~
KLNCIT/ECE/177,IN,01/04/2012,~,~
KLNCIT/ECE/178,IN,01/04/2012,~,~
KLNCIT/ECE/179,IN,01/04/2012,~,~
KLNCIT/ECE/180,IN,01/04/2012,~,~
KLNCIT/ECE/181,IN,01/04/2012,~,~
KLNCIT/ECE/182,IN,01/04/2012,~,~
KLNCIT/ECE/183,IN,01/04/2012,~,~
KLNCIT/ECE/184,IN,01/04/2012,~,~
KLNCIT/ECE/185,IN,01/04/2012,~,~
KLNCIT/ECE/186,IN,01/04/2012,~,~
KLNCIT/ECE/187,IN,01/04/2012,~,~
KLNCIT/ECE/188,IN,01/04/2012,~,~
KLNCIT/ECE/189,IN,01/04/2012,~,~
KLNCIT/ECE/190,IN,01/04/2012,~,~
KLNCIT/ECE/191,IN,01/04/2012,~,~
KLNCIT/ECE/192,IN,01/04/2012,~,~
KLNCIT/ECE/193,IN,01/04/2012,~,~
KLNCIT/ECE/194,IN,01/04/2012,~,~
KLNCIT/ECE/195,IN,01/04/2012,~,~
KLNCIT/ECE/196,IN,01/04/2012,~,~
KLNCIT/ECE/197,IN,01/04/2012,~,~
KLNCIT/ECE/198,IN,01/04/2012,~,~
KLNCIT/ECE/199,IN,01/04/2012,~,~
KLNCIT/ECE/200,IN,01/04/2012,~,~
KLNCIT/ECE/201,IN,01/04/2012,~,~
KLNCIT/ECE/202,IN,01/04/2012,~,~
KLNCIT/ECE/203,IN,01/04/2012,~,~
KLNCIT/ECE/204,IN,01/04/2012,~,~
KLNCIT/ECE/205,IN,01/04/2012,~,~
KLNCIT/ECE/206,IN,01/04/2012,~,~
KLNCIT/ECE/207,IN,01/04/2012,~,~
KLNCIT/ECE/208,IN,01/04/2012,~,~
KLNCIT/ECE/209,IN,01/04/2012,~,~
KLNCIT/ECE/210,IN,01/04/2012,~,~
KLNCIT/ECE/211,IN,01/04/2012,~,~
KLNCIT/ECE/212,IN,01/04/2012,~,~
KLNCIT/ECE/213,IN,01/04/2012,~,~
KLNCIT/ECE/214,IN,01/04/2012,~,~
KLNCIT/ECE/215,IN,01/04/2012,~,~
KLNCIT/ECE/216,IN,01/04/2012,~,~
KLNCIT/ECE/217,IN,01/04/2012,~,~
KLNCIT/ECE/218,IN,01/04/2012,~,~
KLNCIT/ECE/219,IN,01/04/2012,~,~
KLNCIT/ECE/220,IN,01/04/2012,~,~
KLNCIT/ECE/221,IN,01/04/2012,~,~
KLNCIT/ECE/222,IN,01/04/2012,~,~
KLNCIT/ECE/223,IN,01/04/2012,~,~
KLNCIT/ECE/224,IN,01/04/2012,~,~
KLNCIT/ECE/225,IN,01/04/2012,~,~
KLNCIT/ECE/226,IN,01/04/2012,~,~
KLNCIT/ECE/227,IN,01/04/2012,~,~
KLNCIT/ECE/228,IN,01/04/2012,~,~
KLNCIT/ECE/229,IN,01/04/2012,~,~
KLNCIT/ECE/230,IN,01/04/2012,~,~
KLNCIT/ECE/231,IN,01/04/2012,~,~
KLNCIT/ECE/232,IN,01/04/2012,~,~
KLNCIT/ECE/233,IN,01/04/2012,~,~
KLNCIT/ECE/234,IN,01/04/2012,~,~
KLNCIT/ECE/235,IN,01/04/2012,~,~
KLNCIT/ECE/236,IN,01/04/2012,~,~
KLNCIT/ECE/237,IN,01/04/2012,~,~
KLNCIT/ECE/238,IN,01/04/2012,~,~
KLNCIT/ECE/239,IN,01/04/2012,~,~
KLNCIT/ECE/240,IN,01/04/2012,~,~
KLNCIT/ECE/241,IN,01/04/2012,~,~
KLNCIT/ECE/242,IN,01/04/2012,~,~
KLNCIT/ECE/243,IN,01/04/2012,~,~
KLNCIT/ECE/244,IN,01/04/2012,~,~
KLNCIT/ECE/245,IN,01/04/2012,~,~
KLNCIT/ECE/246,IN,01/04/2012,~,~
KLNCIT/ECE/247,IN,01/04/2012,~,~
KLNCIT/ECE/248,IN,01/04/2012,~,~
KLNCIT/ECE/249,IN,01/04/2012,~,~
KLNCIT/ECE/250,IN,01/04/2012,~,~
KLNCIT/ECE/251,IN,01/04/2012,~,~
KLNCIT/ECE/252,IN,01/04/2012,~,~
KLNCIT/ECE/253,IN,01/04/2012,~,~
KLNCIT/ECE/254,IN,01/04/2012,~,~
KLNCIT/ECE/255,IN,01/04/2012,~,~
KLNCIT/ECE/256,IN,01/04/2012,~,~
KLNCIT/ECE/257,IN,01/04/2012,~,~
KLNCIT/ECE/258,IN,01/04/2012,~,~
KLNCIT/ECE/259,IN,01/04/2012,~,~
KLNCIT/ECE/260,IN,01/04/2012,~,~
KLNCIT/ECE/261,IN,01/04/2012,~,~
KLNCIT/ECE/262,IN,01/04/2012,~,~
KLNCIT/ECE/263,IN,01/04/2012,~,~
KLNCIT/ECE/264,IN,01/04/2012,~,~
KLNCIT/ECE/265,IN,01/04/2012,~,~
KLNCIT/ECE/266,IN,01/04/2012,~,~
KLNCIT/ECE/267,IN,01/04/2012,~,~
KLNCIT/ECE/268,IN,01/04/2012,~,~
KLNCIT/ECE/269,IN,01/04/2012,~,~
KLNCIT/ECE/270,IN,01/04/2012,~,~
KLNCIT/ECE/271,IN,01/04/2012,~,~
KLNCIT/ECE/272,IN,01/04/2012,~,~
KLNCIT/ECE/273,IN,01/04/2012,~,~
KLNCIT/ECE/274,IN,01/04/2012,~,~
KLNCIT/ECE/275,IN,01/04/2012,~,~
KLNCIT/ECE/276,IN,01/04/2012,~,~
KLNCIT/ECE/277,IN,01/04/2012,~,~
KLNCIT/ECE/278,IN,01/04/2012,~,~
KLNCIT/ECE/279,IN,01/04/2012,~,~
KLNCIT/ECE/280,IN,01/04/2012,~,~
KLNCIT/ECE/281,IN,01/04/2012,~,~
KLNCIT/ECE/282,IN,01/04/2012,~,~
KLNCIT/ECE/283,IN,01/04/2012,~,~
KLNCIT/ECE/284,IN,01/04/2012,~,~
KLNCIT/ECE/285,IN,01/04/2012,~,~
KLNCIT/ECE/286,IN,01/04/2012,~,~
KLNCIT/ECE/287,IN,01/04/2012,~,~
KLNCIT/ECE/288,IN,01/04/2012,~,~
KLNCIT/ECE/289,IN,01/04/2012,~,~
KLNCIT/ECE/290,IN,01/04/2012,~,~
KLNCIT/ECE/291,IN,01/04/2012,~,~
KLNCIT/ECE/292,IN,01/04/2012,~,~
KLNCIT/ECE/293,IN,01/04/2012,~,~
KLNCIT/ECE/294,IN,01/04/2012,~,~
KLNCIT/ECE/295,IN,01/04/2012,~,~
KLNCIT/ECE/296,IN,01/04/2012,~,~
KLNCIT/ECE/297,IN,01/04/2012,~,~
KLNCIT/ECE/298,IN,01/04/2012,~,~
KLNCIT/ECE/299,IN,01/04/2012,~,~
KLNCIT/ECE/300,IN,01/04/2012,~,~
KLNCIT/ECE/301,IN,01/04/2012,~,~
KLNCIT/ECE/302,IN,01/04/2012,~,~
KLNCIT/ECE/303,IN,01/04/2012,~,~
KLNCIT/ECE/304,IN,01/04/2012,~,~
KLNCIT/ECE/305,IN,01/04/2012,~,~
KLNCIT/ECE/306,IN,01/04/2012,~,~
KLNCIT/ECE/307,IN,01/04/2012,~,~
KLNCIT/ECE/308,IN,01/04/2012,~,~
KLNCIT/ECE/309,IN,01/04/2012,~,~
KLNCIT/ECE/310,IN,01/04/2012,~,~
KLNCIT/ECE/311,IN,01/04/2012,~,~
KLNCIT/ECE/312,IN,01/04/2012,~,~
KLNCIT/ECE/313,IN,01/04/2012,~,~
KLNCIT/ECE/314,IN,01/04/2012,~,~
KLNCIT/ECE/315,IN,01/04/2012,~,~
KLNCIT/ECE/316,IN,01/04/2012,~,~
KLNCIT/ECE/317,IN,01/04/2012,~,~
KLNCIT/ECE/318,IN,01/04/2012,~,~
KLNCIT/ECE/319,IN,01/04/2012,~,~
KLNCIT/ECE/320,IN,01/04/2012,~,~
KLNCIT/ECE/321,IN,01/04/2012,~,~
KLNCIT/ECE/322,IN,01/04/2012,~,~
KLNCIT/ECE/323,IN,01/04/2012,~,~
KLNCIT/ECE/324,IN,01/04/2012,~,~
KLNCIT/ECE/325,IN,01/04/2012,~,~
KLNCIT/ECE/326,IN,01/04/2012,~,~
KLNCIT/ECE/327,IN,01/04/2012,~,~
KLNCIT/ECE/328,IN,01/04/2012,~,~
KLNCIT/ECE/329,IN,01/04/2012,~,~
KLNCIT/ECE/330,IN,01/04/2012,~,~
KLNCIT/ECE/331,IN,01/04/2012,~,~
KLNCIT/ECE/332,IN,01/04/2012,~,~
KLNCIT/ECE/333,IN,01/04/2012,~,~
KLNCIT/ECE/334,IN,01/04/2012,~,~
KLNCIT/ECE/335,IN,01/04/2012,~,~
KLNCIT/ECE/336,IN,01/04/2012,~,~
KLNCIT/ECE/337,IN,01/04/2012,~,~
KLNCIT/ECE/338,IN,01/04/2012,~,~
KLNCIT/ECE/339,IN,01/04/2012,~,~
KLNCIT/ECE/340,IN,01/04/2012,~,~
KLNCIT/ECE/341,IN,01/04/2012,~,~
KLNCIT/ECE/342,IN,01/04/2012,~,~
KLNCIT/ECE/343,IN,01/04/2012,~,~
KLNCIT/ECE/344,IN,01/04/2012,~,~
KLNCIT/ECE/345,IN,01/04/2012,~,~
KLNCIT/ECE/346,IN,01/04/2012,~,~
KLNCIT/ECE/347,IN,01/04/2012,~,~
KLNCIT/ECE/348,IN,01/04/2012,~,~
KLNCIT/ECE/349,IN,01/04/2012,~,~
KLNCIT/ECE/350,IN,01/04/2012,~,~
KLNCIT/ECE/351,IN,01/04/2012,~,~
KLNCIT/ECE/352,IN,01/04/2012,~,~
KLNCIT/ECE/353,IN,01/04/2012,~,~
KLNCIT/ECE/354,IN,01/04/2012,~,~
KLNCIT/ECE/355,IN,01/04/2012,~,~
KLNCIT/ECE/356,IN,01/04/2012,~,~
KLNCIT/ECE/357,IN,01/04/2012,~,~
KLNCIT/ECE/358,IN,01/04/2012,~,~
KLNCIT/ECE/359,IN,01/04/2012,~,~
KLNCIT/ECE/360,IN,01/04/2012,~,~
KLNCIT/ECE/361,IN,01/04/2012,~,~
KLNCIT/ECE/362,IN,01/04/2012,~,~
KLNCIT/ECE/363,IN,01/04/2012,~,~
KLNCIT/ECE/364,IN,01/04/2012,~,~
KLNCIT/ECE/365,IN,01/04/2012,~,~
KLNCIT/ECE/366,IN,01/04/2012,~,~
KLNCIT/ECE/367,IN,01/04/2012,~,~
KLNCIT/ECE/368,IN,01/04/2012,~,~
KLNCIT/ECE/369,IN,01/04/2012,~,~
KLNCIT/ECE/370,IN,01/04/2012,~,~
KLNCIT/ECE/371,IN,01/04/2012,~,~
KLNCIT/ECE/372,IN,01/04/2012,~,~
KLNCIT/ECE/373,IN,01/04/2012,~,~
KLNCIT/ECE/374,IN,01/04/2012,~,~
KLNCIT/ECE/375,IN,01/04/2012,~,~
KLNCIT/ECE/376,IN,01/04/2012,~,~
KLNCIT/ECE/377,IN,01/04/2012,~,~
KLNCIT/ECE/378,IN,01/04/2012,~,~
KLNCIT/ECE/379,IN,01/04/2012,~,~
KLNCIT/ECE/380,IN,01/04/2012,~,~
KLNCIT/ECE/381,IN,01/04/2012,~,~
KLNCIT/ECE/382,IN,01/04/2012,~,~
KLNCIT/ECE/383,IN,01/04/2012,~,~
KLNCIT/ECE/384,IN,01/04/2012,~,~
KLNCIT/ECE/385,IN,01/04/2012,~,~
KLNCIT/ECE/386,IN,01/04/2012,~,~
KLNCIT/ECE/387,IN,01/04/2012,~,~
KLNCIT/ECE/388,IN,01/04/2012,~,~
KLNCIT/ECE/389,IN,01/04/2012,~,~
KLNCIT/ECE/390,IN,01/04/2012,~,~
KLNCIT/ECE/391,IN,01/04/2012,~,~
KLNCIT/ECE/392,IN,01/04/2012,~,~
KLNCIT/ECE/393,IN,01/04/2012,~,~
KLNCIT/ECE/394,IN,01/04/2012,~,~
KLNCIT/ECE/395,IN,01/04/2012,~,~
KLNCIT/ECE/396,IN,01/04/2012,~,~
KLNCIT/ECE/397,IN,01/04/2012,~,~
KLNCIT/ECE/398,IN,01/04/2012,~,~
KLNCIT/ECE/399,IN,01/04/2012,~,~
KLNCIT/ECE/400,IN,01/04/2012,~,~
KLNCIT/ECE/401,IN,01/04/2012,~,~
KLNCIT/ECE/402,IN,01/04/2012,~,~
KLNCIT/ECE/403,IN,01/04/2012,~,~
KLCNIT/ECE/404,IN,01/04/2012,~,~
KLNCIT/ECE/405,IN,01/04/2012,~,~
KLNCIT/ECE/406,IN,01/04/2012,~,~
KLNCIT/ECE/407,IN,01/04/2012,~,~
KLNCIT/ECE/408,IN,01/04/2012,~,~
KLNCIT/ECE/409,IN,01/04/2012,~,~
KLNCIT/ECE/410,IN,01/04/2012,~,~
KLNCIT/ECE/411,IN,01/04/2012,~,~
KLNCIT/ECE/412,IN,01/04/2012,~,~
KLNCIT/ECE/413,IN,01/04/2012,~,~
KLNCIT/ECE/414,IN,01/04/2012,~,~
KLNCIT/ECE/415,IN,01/04/2012,~,~
KLNCIT/ECE/416,IN,01/04/2012,~,~
KLNCIT/ECE/417,IN,01/04/2012,~,~
KLNCIT/ECE/418,IN,01/04/2012,~,~
KLNCIT/ECE/419,IN,01/04/2012,~,~
KLNCIT/ECE/420,IN,01/04/2012,~,~
KLNCIT/ECE/421,IN,01/04/2012,~,~
KLNCIT/ECE/422,IN,01/04/2012,~,~
KLNCIT/ECE/423,IN,01/04/2012,~,~
KLNCIT/ECE/424,IN,01/04/2012,~,~
KLNCIT/ECE/425,IN,01/04/2012,~,~
KLNCIT/ECE/426,IN,01/04/2012,~,~
KLNCIT/ECE/427,IN,01/04/2012,~,~
KLNCIT/ECE/428,IN,01/04/2012,~,~
KLNCIT/ECE/429,IN,01/04/2012,~,~
KLNCIT/ECE/430,IN,01/04/2012,~,~
KLNCIT/ECE/431,IN,01/04/2012,~,~
KLNCIT/ECE/432,IN,01/04/2012,~,~
KLNCIT/ECE/433,IN,01/04/2012,~,~
KLNCIT/ECE/434,IN,01/04/2012,~,~
KLNCIT/ECE/435,IN,01/04/2012,~,~
KLNCIT/ECE/436,IN,01/04/2012,~,~
KLNCIT/ECE/437,IN,01/04/2012,~,~
KLNCIT/ECE/438,IN,01/04/2012,~,~
KLNCIT/ECE/439,IN,01/04/2012,~,~
KLCNIT/ECE/440,IN,01/04/2012,~,~
KLNCIT/ECE/441,IN,01/04/2012,~,~
KLNCIT/ECE/442,IN,01/04/2012,~,~
KLNCIT/ECE/443,IN,01/04/2012,~,~
KLNCIT/ECE/444,IN,01/04/2012,~,~
KLNCIT/ECE/445,IN,01/04/2012,~,~
KLNCIT/ECE/446,IN,01/04/2012,~,~
KLNCIT/ECE/447,IN,01/04/2012,~,~
KLNCIT/ECE/448,IN,01/04/2012,~,~
KLNCIT/ECE/449,IN,01/04/2012,~,~
KLNCIT/ECE/450,IN,01/04/2012,~,~
KLNCIT/ECE/451,IN,01/04/2012,~,~
KLNCIT/ECE/452,IN,01/04/2012,~,~
KLNCIT/ECE/453,IN,01/04/2012,~,~
KLNCIT/ECE/454,IN,01/04/2012,~,~
KLNCIT/ECE/455,IN,01/04/2012,~,~
KLNCIT/ECE/456,IN,01/04/2012,~,~
KLNCIT/ECE/457,IN,01/04/2012,~,~
KLNCIT/ECE/458,IN,01/04/2012,~,~
KLNCIT/ECE/459,IN,01/04/2012,~,~
KLNCIT/ECE/460,IN,01/04/2012,~,~
KLNCIT/ECE/461,IN,01/04/2012,~,~
KLNCIT/ECE/462,IN,01/04/2012,~,~
KLNCIT/ECE/463,IN,01/04/2012,~,~
KLNCIT/ECE/464,IN,01/04/2012,~,~
KLNCIT/ECE/465,IN,01/04/2012,~,~
KLNCIT/ECE/466,IN,01/04/2012,~,~
KLNCIT/ECE/467,IN,01/04/2012,~,~
KLNCIT/ECE/468,IN,01/04/2012,~,~
KLNCIT/ECE/469,IN,01/04/2012,~,~
KLNCIT/ECE/470,IN,01/04/2012,~,~
KLNCIT/ECE/471,IN,01/04/2012,~,~
KLNCIT/ECE/472,IN,01/04/2012,~,~
KLNCIT/ECE/473,IN,01/04/2012,~,~
KLNCIT/ECE/474,IN,01/04/2012,~,~
KLNCIT/ECE/475,IN,01/04/2012,~,~
KLNCIT/ECE/476,IN,01/04/2012,~,~
KLNCIT/ECE/477,IN,01/04/2012,~,~
KLNCIT/ECE/478,IN,01/04/2012,~,~
KLNCIT/ECE/479,IN,01/04/2012,~,~
KLNCIT/ECE/480,IN,01/04/2012,~,~
KLNCIT/ECE/481,IN,01/04/2012,~,~
KLNCIT/ECE/482,IN,01/04/2012,~,~
KLNCIT/ECE/483,IN,01/04/2012,~,~
KLNCIT/ECE/484,IN,01/04/2012,~,~
KLNCIT/ECE/485,IN,01/04/2012,~,~
KLNCIT/ECE/486,IN,01/04/2012,~,~
KLNCIT/ECE/487,IN,01/04/2012,~,~
KLNCIT/ECE/488,IN,01/04/2012,~,~
KLNCIT/ECE/489,IN,01/04/2012,~,~
KLNCIT/ECE/490,IN,01/04/2012,~,~
KLNCIT/ECE/491,IN,01/04/2012,~,~
KLNCIT/ECE/492,IN,01/04/2012,~,~
KLNCIT/ECE/493,IN,01/04/2012,~,~
KLNCIT/ECE/494,IN,01/04/2012,~,~
KLNCIT/ECE/495,IN,01/04/2012,~,~
KLNCIT/ECE/496,IN,01/04/2012,~,~
KLNCIT/ECE/497,IN,01/04/2012,~,~
KLNCIT/ECE/498,IN,01/04/2012,~,~
KLNCIT/ECE/499,IN,01/04/2012,~,~
KLNCIT/ECE/500,IN,01/04/2012,~,~
KLNCIT/ECE/501,IN,01/04/2012,~,~
KLNCIT/ECE/502,IN,01/04/2012,~,~
KLNCIT/ECE/503,IN,01/04/2012,~,~
KLNCIT/ECE/504,IN,01/04/2012,~,~
KLNCIT/ECE/505,IN,01/04/2012,~,~
KLNCIT/ECE/506,IN,01/04/2012,~,~
KLNCIT/ECE/507,IN,01/04/2012,~,~
KLNCIT/ECE/508,IN,01/04/2012,~,~
KLNCIT/ECE/509,IN,01/04/2012,~,~
KLNCIT/ECE/510,IN,01/04/2012,~,~
KLNCIT/ECE/511,IN,01/04/2012,~,~
KLNCIT/ECE/512,IN,01/04/2012,~,~
KLNCIT/ECE/513,IN,01/04/2012,~,~
KLNCIT/ECE/514,IN,01/04/2012,~,~
KLNCIT/ECE/515,IN,01/04/2012,~,~
KLNCIT/ECE/516,IN,01/04/2012,~,~
KLNCIT/ECE/517,IN,01/04/2012,~,~
KLNCIT/ECE/518,IN,01/04/2012,~,~
KLNCIT/ECE/519,IN,01/04/2012,~,~
KLNCIT/ECE/520,IN,01/04/2012,~,~
KLNCIT/ECE/521,IN,01/04/2012,~,~
KLNCIT/ECE/522,IN,01/04/2012,~,~
KLNCIT/ECE/523,IN,01/04/2012,~,~
KLNCIT/ECE/524,IN,01/04/2012,~,~
KLNCIT/ECE/525,IN,01/04/2012,~,~
KLNCIT/ECE/526,IN,01/04/2012,~,~
KLNCIT/ECE/527,IN,01/04/2012,~,~
KLNCIT/ECE/528,IN,01/04/2012,~,~
KLNCIT/ECE/529,IN,01/04/2012,~,~
KLNCIT/ECE/530,IN,01/04/2012,~,~
KLNCIT/ECE/531,IN,01/04/2012,~,~
KLNCIT/ECE/532,IN,01/04/2012,~,~
KLNCIT/ECE/533,IN,01/04/2012,~,~
KLNCIT/ECE/534,IN,01/04/2012,~,~
KLNCIT/ECE/535,IN,01/04/2012,~,~
KLNCIT/ECE/536,IN,01/04/2012,~,~
KLNCIT/ECE/537,IN,01/04/2012,~,~
KLNCIT/ECE/538,IN,01/04/2012,~,~
KLNCIT/ECE/539,IN,01/04/2012,~,~
KLNCIT/ECE/540,IN,01/04/2012,~,~
KLNCIT/ECE/541,IN,01/04/2012,~,~
KLNCIT/ECE/542,IN,01/04/2012,~,~
KLNCIT/ECE/543,IN,01/04/2012,~,~
KLNCIT/ECE/544,IN,01/04/2012,~,~
KLNCIT/ECE/545,IN,01/04/2012,~,~
KLNCIT/ECE/546,IN,01/04/2012,~,~
KLNCIT/ECE/547,IN,01/04/2012,~,~
KLNCIT/ECE/548,IN,01/04/2012,~,~
KLNCIT/ECE/549,IN,01/04/2012,~,~
KLNCIT/ECE/550,IN,01/04/2012,~,~
KLNCIT/ECE/551,IN,01/04/2012,~,~
KLNCIT/ECE/552,IN,01/04/2012,~,~
KLNCIT/ECE/553,IN,01/04/2012,~,~
KLNCIT/ECE/554,IN,01/04/2012,~,~
KLNCIT/ECE/555,IN,01/04/2012,~,~
KLNCIT/ECE/556,IN,01/04/2012,~,~
KLNCIT/ECE/557,IN,01/04/2012,~,~
KLNCIT/ECE/558,IN,01/04/2012,~,~
KLNCIT/ECE/559,IN,01/04/2012,~,~
KLNCIT/ECE/560,IN,01/04/2012,~,~
KLNCIT/ECE/561,IN,01/04/2012,~,~
KLNCIT/ECE/562,IN,01/04/2012,~,~
KLNCIT/ECE/563,IN,01/04/2012,~,~
KLNCIT/ECE/564,IN,01/04/2012,~,~
KLNCIT/ECE/565,IN,01/04/2012,~,~
KLNCIT/ECE/566,IN,01/04/2012,~,~
KLNCIT/ECE/567,IN,01/04/2012,~,~
KLNCIT/ECE/568,IN,01/04/2012,~,~
KLNCIT/ECE/569,IN,01/04/2012,~,~
KLNCIT/ECE/570,IN,01/04/2012,~,~
KLNCIT/ECE/571,IN,01/04/2012,~,~
KLNCIT/ECE/572,IN,01/04/2012,~,~
KLNCIT/ECE/573,IN,01/04/2012,~,~
KLNCIT/ECE/574,IN,01/04/2012,~,~
KLNCIT/ECE/575,IN,01/04/2012,~,~
KLNCIT/ECE/576,IN,01/04/2012,~,~
KLNCIT/ECE/577,IN,01/04/2012,~,~
KLNCIT/ECE/578,IN,01/04/2012,~,~
KLNCIT/ECE/579,IN,01/04/2012,~,~
KLNCIT/ECE/580,IN,01/04/2012,~,~
KLNCIT/ECE/581,IN,01/04/2012,~,~
KLNCIT/ECE/582,IN,01/04/2012,~,~
KLNCIT/ECE/583,IN,01/04/2012,~,~
KLNCIT/ECE/584,IN,01/04/2012,~,~
KLNCIT/ECE/585,IN,01/04/2012,~,~
KLNCIT/ECE/586,IN,01/04/2012,~,~
KLNCIT/ECE/587,IN,01/04/2012,~,~
KLNCIT/ECE/588,IN,01/04/2012,~,~
KLNCIT/ECE/589,IN,01/04/2012,~,~
KLNCIT/ECE/590,IN,01/04/2012,~,~
KLNCIT/ECE/591,IN,01/04/2012,~,~
KLNCIT/ECE/592,IN,01/04/2012,~,~
KLNCIT/ECE/593,IN,01/04/2012,~,~
KLNCIT/ECE/594,IN,01/04/2012,~,~
KLNCIT/ECE/595,IN,01/04/2012,~,~
KLNCIT/ECE/596,IN,01/04/2012,~,~
KLNCIT/ECE/597,IN,01/04/2012,~,~
KLNCIT/ECE/598,IN,01/04/2012,~,~
KLNCIT/ECE/599,IN,01/04/2012,~,~
KLNCIT/ECE/600,IN,01/04/2012,~,~
KLNCIT/ECE/601,IN,01/04/2012,~,~
KLNCIT/ECE/602,IN,01/04/2012,~,~
KLNCIT/ECE/603,IN,01/04/2012,~,~
KLNCIT/ECE/604,IN,01/04/2012,~,~
KLNCIT/ECE/605,IN,01/04/2012,~,~
KLNCIT/ECE/606,IN,01/04/2012,~,~
KLNCIT/ECE/607,IN,01/04/2012,~,~
KLNCIT/ECE/608,IN,01/04/2012,~,~
KLNCIT/ECE/609,IN,01/04/2012,~,~
KLNCIT/ECE/610,IN,01/04/2012,~,~
KLNCIT/ECE/611,IN,01/04/2012,~,~
KLNCIT/ECE/612,IN,01/04/2012,~,~
KLNCIT/ECE/613,IN,01/04/2012,~,~
KLNCIT/ECE/614,IN,01/04/2012,~,~
KLNCIT/ECE/615,IN,01/04/2012,~,~
KLNCIT/ECE/616,IN,01/04/2012,~,~
KLNCIT/ECE/617,IN,01/04/2012,~,~
KLNCIT/ECE/618,IN,01/04/2012,~,~
KLNCIT/ECE/619,IN,01/04/2012,~,~
KLNCIT/ECE/620,IN,01/04/2012,~,~
KLNCIT/ECE/621,IN,01/04/2012,~,~
KLNCIT/ECE/622,IN,01/04/2012,~,~
KLNCIT/ECE/623,IN,01/04/2012,~,~
KLNCIT/ECE/624,IN,01/04/2012,~,~
KLNCIT/ECE/625,IN,01/04/2012,~,~
KLNCIT/ECE/626,IN,01/04/2012,~,~
KLNCIT/ECE/627,IN,01/04/2012,~,~
KLNCIT/ECE/628,IN,01/04/2012,~,~
KLNCIT/ECE/629,IN,01/04/2012,~,~
KLNCIT/ECE/630,IN,01/04/2012,~,~
KLNCIT/ECE/631,IN,01/04/2012,~,~
KLNCIT/ECE/632,IN,01/04/2012,~,~
KLNCIT/ECE/633,IN,01/04/2012,~,~
KLNCIT/ECE/634,IN,01/04/2012,~,~
KLNCIT/ECE/635,IN,01/04/2012,~,~
KLNCIT/ECE/636,IN,01/04/2012,~,~
KLNCIT/ECE/637,IN,01/04/2012,~,~
KLNCIT/ECE/638,IN,01/04/2012,~,~
KLNCIT/ECE/639,IN,01/04/2012,~,~
KLNCIT/ECE/640,IN,01/04/2012,~,~
KLNCIT/ECE/641,IN,01/04/2012,~,~
KLNCIT/ECE/642,IN,01/04/2012,~,~
KLNCIT/ECE/643,IN,01/04/2012,~,~
KLNCIT/ECE/644,IN,01/04/2012,~,~
KLNCIT/ECE/645,IN,01/04/2012,~,~
KLNCIT/ECE/646,IN,01/04/2012,~,~
KLNCIT/ECE/647,IN,01/04/2012,~,~
KLNCIT/ECE/648,IN,01/04/2012,~,~
KLNCIT/ECE/649,IN,01/04/2012,~,~
KLNCIT/ECE/650,IN,01/04/2012,~,~
KLNCIT/ECE/651,IN,01/04/2012,~,~
KLNCIT/ECE/652,IN,01/04/2012,~,~
KLNCIT/ECE/653,IN,01/04/2012,~,~
KLNCIT/ECE/654,IN,01/04/2012,~,~
KLNCIT/ECE/655,IN,01/04/2012,~,~
KLNCIT/ECE/656,IN,01/04/2012,~,~
KLNCIT/ECE/657,IN,01/04/2012,~,~
KLNCIT/ECE/658,IN,01/04/2012,~,~
KLNCIT/ECE/659,IN,01/04/2012,~,~
KLNCIT/ECE/660,IN,01/04/2012,~,~
KLNCIT/ECE/661,IN,01/04/2012,~,~
KLNCIT/ECE/662,IN,01/04/2012,~,~
KLNCIT/ECE/663,IN,01/04/2012,~,~
KLNCIT/ECE/664,IN,01/04/2012,~,~
KLNCIT/ECE/665,IN,01/04/2012,~,~
KLNCIT/ECE/666,IN,01/04/2012,~,~
KLNCIT/ECE/667,IN,01/04/2012,~,~
KLNCIT/ECE/668,IN,01/04/2012,~,~
KLNCIT/ECE/669,IN,01/04/2012,~,~
KLNCIT/ECE/670,IN,01/04/2012,~,~
KLNCIT/ECE/671,IN,01/04/2012,~,~
KLNCIT/ECE/672,IN,01/04/2012,~,~
KLNCIT/ECE/673,IN,01/04/2012,~,~
KLNCIT/ECE/674,IN,01/04/2012,~,~
KLNCIT/ECE/675,IN,01/04/2012,~,~
KLNCIT/ECE/676,IN,01/04/2012,~,~
KLNCIT/ECE/677,IN,01/04/2012,~,~
KLNCIT/ECE/678,IN,01/04/2012,~,~
KLNCIT/ECE/679,IN,01/04/2012,~,~
KLNCIT/ECE/680,IN,01/04/2012,~,~
KLNCIT/ECE/681,IN,01/04/2012,~,~
KLNCIT/ECE/682,IN,01/04/2012,~,~
KLNCIT/ECE/683,IN,01/04/2012,~,~
KLNCIT/ECE/684,IN,01/04/2012,~,~
KLNCIT/ECE/685,IN,01/04/2012,~,~
KLNCIT/ECE/686,IN,01/04/2012,~,~
KLNCIT/ECE/687,IN,01/04/2012,~,~
KLNCIT/ECE/688,IN,01/04/2012,~,~
KLNCIT/ECE/689,IN,01/04/2012,~,~
KLNCIT/ECE/690,IN,01/04/2012,~,~
KLNCIT/ECE/691,IN,01/04/2012,~,~
KLNCIT/ECE/692,IN,01/04/2012,~,~
KLNCIT/ECE/693,IN,01/04/2012,~,~
KLNCIT/ECE/694,IN,01/04/2012,~,~
KLNCIT/ECE/695,IN,01/04/2012,~,~
KLNCIT/ECE/696,IN,01/04/2012,~,~
KLNCIT/ECE/697,IN,01/04/2012,~,~
KLNCIT/ECE/698,IN,01/04/2012,~,~
KLNCIT/ECE/699,IN,01/04/2012,~,~
KLNCIT/ECE/700,IN,01/04/2012,~,~
KLNCIT/ECE/701,IN,01/04/2012,~,~
KLNCIT/ECE/702,IN,01/04/2012,~,~
KLNCIT/ECE/703,IN,01/04/2012,~,~
KLNCIT/ECE/704,IN,01/04/2012,~,~
KLNCIT/ECE/705,IN,01/04/2012,~,~
KLNCIT/ECE/706,IN,01/04/2012,~,~
KLNCIT/ECE/707,IN,01/04/2012,~,~
KLNCIT/ECE/708,IN,01/04/2012,~,~
KLNCIT/ECE/709,IN,01/04/2012,~,~
KLNCIT/ECE/710,IN,01/04/2012,~,~
KLNCIT/ECE/711,IN,01/04/2012,~,~
KLNCIT/ECE/712,IN,01/04/2012,~,~
KLNCIT/ECE/713,IN,01/04/2012,~,~
KLNCIT/ECE/714,IN,01/04/2012,~,~
KLNCIT/ECE/715,IN,01/04/2012,~,~
KLNCIT/ECE/716,IN,01/04/2012,~,~
KLNCIT/ECE/717,IN,01/04/2012,~,~
KLNCIT/ECE/718,IN,01/04/2012,~,~
KLNCIT/ECE/719,IN,01/04/2012,~,~
KLNCIT/ECE/720,IN,01/04/2012,~,~
KLNCIT/ECE/721,IN,01/04/2012,~,~
KLNCIT/ECE/722,IN,01/04/2012,~,~
KLNCIT/ECE/723,IN,01/04/2012,~,~
KLNCIT/ECE/724,IN,01/04/2012,~,~
KLNCIT/ECE/725,IN,01/04/2012,~,~
KLNCIT/ECE/726,IN,01/04/2012,~,~
KLNCIT/ECE/727,IN,01/04/2012,~,~
KLNCIT/ECE/728,IN,01/04/2012,~,~
KLNCIT/ECE/729,IN,01/04/2012,~,~
KLNCIT/ECE/730,IN,01/04/2012,~,~
KLNCIT/ECE/731,IN,01/04/2012,~,~
KLNCIT/ECE/732,IN,01/04/2012,~,~
KLNCIT/ECE/733,IN,01/04/2012,~,~
KLNCIT/ECE/734,IN,01/04/2012,~,~
KLNCIT/ECE/735,IN,01/04/2012,~,~
KLNCIT/ECE/736,IN,01/04/2012,~,~
KLNCIT/ECE/737,IN,01/04/2012,~,~
KLNCIT/ECE/738,IN,01/04/2012,~,~
KLNCIT/ECE/739,IN,01/04/2012,~,~
KLNCIT/ECE/740,IN,01/04/2012,~,~
KLNCIT/ECE/741,IN,01/04/2012,~,~
KLNCIT/ECE/742,IN,01/04/2012,~,~
KLNCIT/ECE/743,IN,01/04/2012,~,~
KLNCIT/ECE/744,IN,01/04/2012,~,~
KLNCIT/ECE/745,IN,01/04/2012,~,~
KLNCIT/ECE/746,IN,01/04/2012,~,~
KLNCIT/ECE/747,IN,01/04/2012,~,~
KLNCIT/ECE/748,IN,01/04/2012,~,~
KLNCIT/ECE/749,IN,01/04/2012,~,~
KLNCIT/ECE/750,IN,01/04/2012,~,~
KLNCIT/ECE/751,IN,01/04/2012,~,~
KLNCIT/ECE/752,IN,01/04/2012,~,~
KLNCIT/ECE/753,IN,01/04/2012,~,~
KLNCIT/ECE/754,IN,01/04/2012,~,~
KLNCIT/ECE/755,IN,01/04/2012,~,~
KLNCIT/ECE/756,IN,01/04/2012,~,~
KLNCIT/ECE/757,IN,01/04/2012,~,~
KLNCIT/ECE/758,IN,01/04/2012,~,~
KLNCIT/ECE/759,IN,01/04/2012,~,~
KLNCIT/ECE/760,IN,01/04/2012,~,~
KLNCIT/ECE/761,IN,01/04/2012,~,~
KLNCIT/ECE/762,IN,01/04/2012,~,~
KLNCIT/ECE/763,IN,01/04/2012,~,~
KLNCIT/ECE/764,IN,01/04/2012,~,~
KLNCIT/ECE/765,IN,01/04/2012,~,~
KLNCIT/ECE/766,IN,01/04/2012,~,~
KLNCIT/ECE/767,IN,01/04/2012,~,~
KLNCIT/ECE/768,IN,01/04/2012,~,~
KLNCIT/ECE/769,IN,01/04/2012,~,~
KLNCIT/ECE/770,IN,01/04/2012,~,~
KLNCIT/ECE/771,IN,01/04/2012,~,~
KLNCIT/ECE/772,IN,01/04/2012,~,~
KLNCIT/ECE/773,IN,01/04/2012,~,~
KLNCIT/ECE/774,IN,01/04/2012,~,~
